City_ID,City,Country,Max Temp,Current Description,Lat,Lng,Hotel Name
1,Castro,BR,62.38,clear sky,-24.79,-50.01,CHACARA BAILLY
2,Butaritari,KI,78.96,light rain,3.07,172.79,Isles Sunset Lodge
3,Manado,ID,75.2,scattered clouds,1.49,124.85,Aryaduta Hotel
5,Jacqueville,CI,80.6,few clouds,5.21,-4.41,Hotel Le Martin Pecheur
6,Rikitea,PF,74.77,few clouds,-23.12,-134.97,Pension Maro'i
9,Cacu,BR,73.89,broken clouds,-18.56,-51.13,Império Hotel
10,Vaini,TO,73.4,few clouds,-21.2,-175.2,Keleti Beach Resort
16,Ahuimanu,US,87.8,few clouds,21.44,-157.84,Paradise Bay Resort
19,Ribeira Grande,PT,66.2,broken clouds,38.52,-28.7,Quinta da Meia Eira
20,Mar Del Plata,AR,61.0,light intensity drizzle,-38.0,-57.56,Gran Hotel Mar del Plata habitaciones
22,Kapaa,US,84.0,broken clouds,22.08,-159.32,Sheraton Kauai Resort at Coconut Beach
23,Sentyabrskiy,US,84.0,broken clouds,22.08,-159.32,Sheraton Kauai Resort at Coconut Beach
24,Quang Ngai,VN,78.53,broken clouds,15.12,108.8,Central Hotel
25,Vila Velha,BR,77.0,clear sky,-20.33,-40.29,Hotel Vitória Palace
27,Nikolskoye,RU,60.8,clear sky,59.7,30.79,Tourist House - Sablino
29,San Jose,US,71.6,light rain,37.34,-121.89,The Westin San Jose
31,Arraial Do Cabo,BR,77.0,clear sky,-22.97,-42.03,Pousada Porto Praia
32,Illoqqortoormiut,BR,77.0,clear sky,-22.97,-42.03,Pousada Porto Praia
35,Vikesa,NO,60.01,clear sky,58.64,6.09,Bjerkreim Camping Gjedrem
36,Barentsburg,NO,60.01,clear sky,58.64,6.09,Bjerkreim Camping Gjedrem
37,Mahebourg,MU,69.8,few clouds,-20.41,57.7,Shandrani Beachcomber Resort & Spa
38,Luderitz,,66.2,clear sky,-26.65,15.16,LÜDERITZ NEST HOTEL
40,Jamestown,US,62.01,scattered clouds,42.1,-79.24,Hampton Inn & Suites Jamestown
42,Bethel,US,81.0,clear sky,41.37,-73.41,Courtyard by Marriott Danbury
43,Vani,GE,60.8,scattered clouds,42.08,42.52,სასტუმრო ამირანი
45,Carnarvon,AU,62.46,scattered clouds,-24.87,113.63,Hospitality Carnarvon
46,Tefe,BR,86.0,scattered clouds,-3.35,-64.71,Aracati Hotel
47,Lorengau,PG,81.21,light rain,-2.02,147.27,Lorengau Harbourside Hotel
48,Bathsheba,BB,87.8,few clouds,13.22,-59.52,Atlantis Hotel
49,Belmonte,BR,71.6,broken clouds,-15.86,-38.88,Pousada Monte Carmelo O Pão
50,Padang,ID,79.47,moderate rain,-0.95,100.35,Mercure Padang
51,Marion,US,73.0,broken clouds,39.77,-86.16,Hilton Indianapolis Hotel & Suites
52,Palmares Do Sul,BR,66.33,overcast clouds,-30.26,-50.51,Restaurante e Pensão Lopes
56,Muisne,EC,84.2,broken clouds,0.6,-80.03,Quinta Samay
57,Ponta Do Sol,PT,68.0,scattered clouds,32.67,-17.1,Hotel do Campo
58,Puerto Ayora,EC,87.8,scattered clouds,-0.74,-90.35,Finch Bay Galapagos Hotel
59,Saint-Philippe,RE,69.8,clear sky,-21.36,55.77,"Chambres d'hôte ""La Trinité"""
61,Quatre Cocos,MU,71.01,few clouds,-20.21,57.76,Veranda Palmar Beach Hotel
62,College,US,75.99,broken clouds,64.86,-147.8,Pike's Waterfront Lodge
65,Hithadhoo,MV,84.27,overcast clouds,-0.6,73.08,Scoop Guest House
68,Kahului,US,82.4,scattered clouds,20.89,-156.47,Maui Seaside Hotel
70,Vila Franca Do Campo,PT,64.4,broken clouds,37.72,-25.43,Pestana Bahia Praia
71,Grand River South East,PT,64.4,broken clouds,37.72,-25.43,Pestana Bahia Praia
72,Chagda,PT,64.4,broken clouds,37.72,-25.43,Pestana Bahia Praia
76,Albany,US,79.0,clear sky,42.6,-73.97,
77,East London,ZA,62.47,overcast clouds,-33.02,27.91,Tu Casa
78,Palaiokhora,ZA,62.47,overcast clouds,-33.02,27.91,Tu Casa
79,San Patricio,MX,80.6,scattered clouds,19.22,-104.7,Hotel Cabo Blanco
80,Santa Rosa,PH,82.99,few clouds,14.31,121.11,Hungry Soles Studios
81,Danjiangkou,CN,71.92,overcast clouds,32.54,111.51,Dongsheng Guesthouse
83,Barabai,ID,75.58,overcast clouds,-2.58,115.38,Joko Homestay
91,Nhulunbuy,AU,71.6,few clouds,-12.23,136.77,East Arnhem Real Estate
92,Nouadhibou,MR,71.6,clear sky,20.93,-17.03,El Medina
93,Raozan,MR,71.6,clear sky,20.93,-17.03,El Medina
95,Kavieng,PG,82.36,few clouds,-2.57,150.8,Nusa Island Retreat
98,Haines Junction,CA,60.48,light rain,60.75,-137.51,Parkside Inn
99,Pokaran,IN,81.68,light rain,26.92,71.92,Motel Pokaran - RTDC
100,Kokoda,PG,72.41,few clouds,-8.88,147.74,Daito Guest House
101,Kalabo,ZM,63.95,overcast clouds,-14.97,22.68,Sikakubete Guest House Kalabo Town Council
102,San Felipe,VE,82.08,moderate rain,10.34,-68.74,Posada Llovizna Rodríguez
103,Avarua,CK,80.6,clear sky,-21.21,-159.78,Paradise Inn
104,Inhambane,MZ,68.0,clear sky,-23.86,35.38,MHL Turismo SA
105,Faanui,PF,81.09,clear sky,-16.48,-151.75,Bora-Bora Pearl Beach Resort & Spa
106,Along,IN,65.73,broken clouds,28.17,94.77,Hotel West
107,Fairbanks,US,75.99,broken clouds,64.84,-147.72,Westmark Fairbanks Hotel & Conference Center
111,Moramanga,MG,63.95,broken clouds,-18.93,48.2,Espace VANILLA
112,Georgetown,MY,80.6,few clouds,5.41,100.34,Cititel Penang
113,Tautira,PF,84.2,few clouds,-17.73,-149.15,Pension Oaoa
114,Sakakah,SA,86.0,clear sky,29.97,40.21,Fakhamat Al Orjoana Apartment
116,Nichinan,JP,64.0,light rain,31.6,131.37,Guest House Aki
117,Yellowknife,CA,62.01,few clouds,62.46,-114.35,The Explorer Hotel
120,Guerrero Negro,MX,74.01,clear sky,27.98,-114.06,"Casa Laguna, Bed & Breakfast"
121,Quzhou,CN,66.94,overcast clouds,28.96,118.87,Quzhou Jiujiu Business Hotel
124,Teluk Nibung,ID,76.3,overcast clouds,3.0,99.82,PONDOK FELISHA JUICE
125,Santa Maria,BR,68.67,overcast clouds,-29.68,-53.81,Hotel Morotin
128,Gat,IL,70.0,clear sky,31.61,34.76,רגע בנחת
129,Andrelandia,BR,61.41,clear sky,-21.74,-44.31,Mônica Hotel
132,Laguna,US,75.99,overcast clouds,38.42,-121.42,Holiday Inn Express & Suites Elk Grove Central - Hwy 99
134,Kudahuvadhoo,MV,83.1,moderate rain,2.67,72.89,Kudahuvadhoo Retreat
138,Cikarang,ID,80.6,haze,-6.26,107.15,Java Palace Hotel
140,Thompson,CA,64.4,few clouds,55.74,-97.86,Burntwood Hotel
145,Touros,BR,77.0,light rain,-5.2,-35.46,INN NEW HORIZON
146,Antalaha,MG,74.43,moderate rain,-14.9,50.28,Hotel Vitasoa
147,Les Cayes,HT,83.34,light rain,18.2,-73.75,Villa Orphee
148,Salinas,US,69.01,light rain,36.68,-121.66,Good Nite Inn Salinas Monterey
149,Tehachapi,US,69.01,clear sky,35.13,-118.45,Holiday Inn Express & Suites Tehachapi Hwy 58/Mill St.
151,Samarai,PG,80.96,light rain,-10.62,150.67,Nuli Sapi
152,Roches Noires,PG,80.96,light rain,-10.62,150.67,Nuli Sapi
153,Hamilton,US,75.0,scattered clouds,39.18,-84.53,Six Acres Bed & Breakfast
154,Zhezkazgan,KZ,74.55,clear sky,47.8,67.71,Kvartiry Posutochno.
155,Zemio,CF,71.01,moderate rain,5.03,25.14,
157,Cabedelo,BR,82.4,few clouds,-6.98,-34.83,Lua Mansa Pousada
158,Katobu,ID,76.64,overcast clouds,-4.94,122.53,La Ode Gombe
159,Findlay,US,69.8,broken clouds,41.04,-83.65,Drury Inn & Suites Findlay
160,Kiunga,PG,73.51,moderate rain,-6.12,141.29,Airport Lodge Kiunga
163,Paita,PE,80.6,clear sky,-5.09,-81.11,Hotel Náutico de Paita
164,Antofagasta,CL,68.0,scattered clouds,-23.65,-70.4,Hotel Terrado Suites Antofagasta
165,Yarmouth,US,70.0,clear sky,41.71,-70.23,The Inn At Cape Cod
166,Manta,EC,84.2,broken clouds,-0.95,-80.73,Balandra Hotel
167,Calama,CL,60.8,scattered clouds,-22.47,-68.93,Park Hotel Calama
168,Cidreira,BR,66.61,overcast clouds,-30.18,-50.21,Novomar Pousada e Turismo Ltda
170,Sao Filipe,CV,75.63,clear sky,14.9,-24.5,Tortuga B&B
171,Miranorte,CV,75.63,clear sky,14.9,-24.5,Tortuga B&B
172,Dingle,PH,77.76,clear sky,11.0,122.67,Camp Pasica
173,Nizhneyansk,PH,77.76,clear sky,11.0,122.67,Camp Pasica
174,Hilo,US,78.01,overcast clouds,19.73,-155.09,Hilo Hawaiian Hotel
175,Debre Tabor,ET,60.1,light rain,11.85,38.02,Tigesh
176,Xai-Xai,MZ,68.65,clear sky,-25.05,33.64,Platinum Hotel
180,Price,US,82.4,few clouds,39.6,-110.81,National 9 - Price River Inn
182,Cochrane,CA,75.99,clear sky,51.18,-114.47,Days Inn & Suites by Wyndham Cochrane
183,Dwarka,IN,83.59,broken clouds,22.24,68.97,Hotel Narayan Avezika Comfort
185,Bengkulu,ID,76.93,overcast clouds,-3.8,102.27,Grage Hotel Bengkulu
186,Marcona,ID,76.93,overcast clouds,-3.8,102.27,Grage Hotel Bengkulu
188,Nago,JP,80.6,broken clouds,26.59,127.98,Hotel Yugaf Inn Okinawa
189,Atuona,PF,81.37,scattered clouds,-9.8,-139.03,Villa Enata
192,Bereda,ES,71.01,light rain,43.27,-7.54,Pazo de Verdes
193,Cancun,MX,87.8,broken clouds,21.17,-86.85,Hotel Tankah Cancun
194,Sao Joao Da Barra,BR,78.8,clear sky,-21.64,-41.05,Pousada Porto De Canoas
195,Bababe,BR,78.8,clear sky,-21.64,-41.05,Pousada Porto De Canoas
198,Kaeo,NZ,61.0,moderate rain,-35.1,173.78,Bushido Lodge
199,Colorado Springs,US,84.2,broken clouds,38.83,-104.82,"The Antlers, A Wyndham Hotel"
200,Abu Kamal,SY,76.84,clear sky,34.45,40.92,
202,Victoria,HK,84.0,light rain,22.29,114.16,Mini Hotel Central
204,Srandakan,ID,77.95,few clouds,-7.94,110.25,Puri Brata
206,Caravelas,BR,72.68,clear sky,-17.71,-39.25,Pousada dos Navegantes
213,Seoni,IN,85.82,few clouds,22.08,79.53,STARiHOTELS Nehru Road Seoni
214,Pemangkat,ID,78.64,light rain,1.17,108.97,Kost H.Syamsuddin
216,Chuy,UY,65.75,broken clouds,-33.7,-53.46,Nuevo Hotel Plaza
217,Seoul,KR,62.6,broken clouds,37.57,126.98,LOTTE HOTEL SEOUL
218,Ovalle,CL,65.84,overcast clouds,-30.6,-71.2,Hotel Altos de Tuqui
221,Rexburg,US,87.8,clear sky,43.83,-111.79,AmericInn by Wyndham Rexburg BYUI
222,Huarmey,PE,73.47,overcast clouds,-10.07,-78.15,Hotel Miramar
224,Huron,US,66.0,clear sky,41.15,-82.55,Indian Creek Campground
225,Coahuayana,MX,82.4,scattered clouds,18.73,-103.68,Hotel Los Arcos
227,Nizwa,OM,87.19,overcast clouds,22.93,57.53,Orient Apartments
230,Ishigaki,JP,82.6,overcast clouds,24.34,124.16,Hotel Peace Land Ishigakijima
231,Mpanda,TZ,67.03,few clouds,-6.37,31.04,CH Hotel - Mpanda
232,Pagudpud,PH,80.98,few clouds,18.56,120.79,JOHNRONALD BEACH RESORT
241,Phan Thiet,VN,78.76,overcast clouds,10.93,108.1,Hotel Saigon-PT
242,Opobo,VN,78.76,overcast clouds,10.93,108.1,Hotel Saigon-PT
243,Broome,US,72.0,overcast clouds,42.25,-75.83,Chenango Valley State Park
244,Cam Ranh,VN,82.4,few clouds,11.92,109.16,OYO 598 Peony Hotel
245,Mys Shmidta,VN,82.4,few clouds,11.92,109.16,OYO 598 Peony Hotel
247,Erzin,TR,66.99,scattered clouds,36.96,36.2,Artemis Otel
250,Qinhuangdao,CN,63.25,overcast clouds,39.93,119.59,Qinhuangdao Peninsula Seasons Hotel And Apartment
252,Guapiacu,BR,80.6,few clouds,-20.8,-49.22,Chacara Rosa De Saron
253,Satitoa,BR,80.6,few clouds,-20.8,-49.22,Chacara Rosa De Saron
254,Kupang,ID,74.21,clear sky,-10.17,123.58,Sylvia Hotel Premier Kupang
255,Baglung,NP,64.26,clear sky,28.27,83.59,"Hotel Peace Palace, Baglung, Nepal"
256,Xinzhi,CN,64.47,overcast clouds,36.5,111.7,Mingyue Hotel
257,Baker City,US,82.4,clear sky,44.77,-117.83,Bridge Street Inn
258,Acapulco,MX,80.6,smoke,16.86,-99.89,HS Hotsson Smart Acapulco
260,Matinha,BR,79.63,light rain,-3.1,-45.03,JR Hotel
261,Dzaoudzi,YT,80.6,light rain,-12.79,45.27,Le Rocher
264,Souillac,MU,69.8,few clouds,-20.52,57.52,Bils' Villa
266,Shieli,KZ,78.84,clear sky,44.17,66.75,Gostinitsa Aybek Shieli
267,Alofi,NU,77.0,clear sky,-19.06,-169.92,Taloa Heights
269,Komsomolskiy,UZ,73.4,broken clouds,40.43,71.72,"Hotel ""Ikathouse"""
274,Beni,CD,64.62,light rain,0.5,29.47,Albertine hotel
276,Sarandi,BR,67.95,scattered clouds,-23.44,-51.87,HOTEL GRALHA AZUL (GAPH) - Maringá
277,Luba,GQ,78.8,few clouds,3.46,8.55,
278,Najran,SA,86.0,clear sky,17.49,44.13,محمد هادي ال فطيح
279,Tabou,CI,78.75,moderate rain,4.42,-7.35,hotêl doufoulougou
280,Zabol,AF,68.2,clear sky,32.25,67.25,
281,Palauig,PH,82.65,clear sky,15.44,119.9,
282,Walvis Bay,,66.2,clear sky,-22.96,14.51,Oyster Box Guesthouse
285,Luwingu,ZM,64.99,broken clouds,-10.26,29.93,"Mountain City Lodge. Luwingu, Zambia"
288,Gua Musang,MY,74.48,light rain,4.88,101.96,Mines Inn Hotel
290,Revadanda,IN,87.8,haze,18.55,72.93,"Sandeep Holiday Homes, Prarthana Niwas"
291,Chicama,PE,75.83,few clouds,-7.84,-79.15,Hospedaje Punta Cana PERU
295,Huangzhou,CN,71.6,broken clouds,30.45,114.8,Manjianghong Business Hotel
296,Halalo,CN,71.6,broken clouds,30.45,114.8,Manjianghong Business Hotel
297,Margate,GB,62.01,clear sky,51.38,1.39,Premier Inn Margate hotel
298,Joinville,BR,75.0,clear sky,-26.3,-48.85,Mercure Joinville Prinz Hotel
301,Senador Jose Porfirio,BR,80.53,moderate rain,-2.59,-51.95,MORADA DO SOL pousada
302,Kadoma,JP,70.0,overcast clouds,34.73,135.58,Hotel Agora Osaka Moriguchi
303,Namibe,AO,74.53,few clouds,-15.2,12.15,Chik-Chik Namibe
304,Kununurra,AU,66.2,few clouds,-15.77,128.73,Hotel Kununurra
305,Cayenne,GF,86.0,few clouds,4.93,-52.33,Hôtel Le Dronmi
307,Bambous Virieux,MU,71.01,few clouds,-20.34,57.76,Casa Tia Villa
309,Lagoa Da Prata,BR,65.95,clear sky,-20.02,-45.54,POUSADA PARADOR DA FIGUEIRA
311,Kawalu,ID,73.62,overcast clouds,-7.38,108.21,KOSAN UNGU UNSIK
312,Itoman,JP,80.6,few clouds,26.12,127.67,Southern Beach Hotel & Resort Okinawa
313,Point Pedro,LK,83.93,scattered clouds,9.82,80.23,Gtr homes
314,Bafia,CM,71.96,light rain,4.75,11.23,Ets MAISON BLANCHE
315,Rabo De Peixe,PT,64.4,broken clouds,37.8,-25.58,Quinta das Giestas
316,Port-Cartier,CA,64.4,scattered clouds,50.03,-66.87,Le Q'Artier
317,Longonjo,AO,60.03,scattered clouds,-12.91,15.25,
318,Tual,ID,81.57,light rain,-5.67,132.75,Grand Vilia Hotel
320,Djambala,CG,70.05,overcast clouds,-2.54,14.75,Auberge Chez Les Emmanuelles
322,Raton,US,82.4,few clouds,36.9,-104.44,Holiday Inn Express & Suites Raton
323,Faya,SA,75.2,clear sky,18.39,42.45,مقبرة ال مجمل
325,Havelock,US,80.6,scattered clouds,34.88,-76.9,Holiday Inn Express and Suites Havelock
327,Barranca,PE,70.61,scattered clouds,-10.75,-77.77,El Olivar Hospedaje
328,Pingyin,CN,69.01,overcast clouds,36.28,116.45,Meiyuan Hotel
329,Taltal,CL,66.09,broken clouds,-25.4,-70.48,Residencial Karime
330,Neiafu,TO,71.6,few clouds,-18.65,-173.98,Mystic Sands
333,Le Mars,US,73.4,clear sky,42.79,-96.17,Holiday Inn Express & Suites Le Mars
334,Auki,SB,78.76,clear sky,-8.77,160.7,Auki Motel
335,Huescar,ES,66.99,clear sky,37.81,-2.54,Hotel El Maño
336,Poptun,GT,79.84,moderate rain,16.33,-89.42,Hotel Izalco
337,Saurimo,AO,67.82,broken clouds,-9.66,20.39,Hotel Kawissa Saurimo
339,Fort-Shevchenko,KZ,71.22,clear sky,44.51,50.26,Oasis hotel Bautino
341,Kochubey,RU,67.71,few clouds,44.39,46.58,Gostinitsa Karavan
343,Manono,CD,76.87,clear sky,-7.3,27.42,Hotel hewa bora
344,Torbay,CA,71.6,scattered clouds,47.67,-52.73,Gallows Cove
345,Aktau,KZ,68.0,clear sky,43.65,51.2,Silk Way Hotel
346,Merke,KZ,64.38,clear sky,42.87,73.18,Gostinitsa
347,One Hundred Mile House,KZ,64.38,clear sky,42.87,73.18,Gostinitsa
349,Sabang,ID,83.61,broken clouds,5.89,95.32,Hotel Citra
351,Kismayo,SO,79.93,broken clouds,-0.36,42.55,Agan-Hotel
352,Inirida,CO,88.83,light rain,3.87,-67.92,Fuente del Guania Hotel de Lujo
353,Klaksvik,FO,60.8,overcast clouds,62.23,-6.59,Airbnb rooms
354,Tura,IN,71.4,moderate rain,25.52,90.22,Hotel RIKMAN Continental
356,West Wendover,US,89.6,clear sky,40.74,-114.07,"Motel 6 Wendover, UT"
358,Pathein,MM,82.85,broken clouds,16.78,94.73,Pathein Hotel
359,Tezu,IN,73.33,broken clouds,27.92,96.17,Circuit House
361,Karratha,AU,73.4,broken clouds,-20.74,116.85,ibis Styles Karratha
362,Salta,AR,69.8,broken clouds,-24.79,-65.41,Hotel Alejandro I
364,Katherine,AU,64.4,overcast clouds,-14.47,132.27,Pine Tree Motel
365,Prince George,CA,66.99,clear sky,53.92,-122.75,Canadas Best Value Inn Prince George
366,Poum,NC,74.71,clear sky,-20.23,164.02,Gîte kajeon
367,Voi,KE,69.93,overcast clouds,-3.39,38.56,Voi Wildlife Lodge
368,Belushya Guba,KE,69.93,overcast clouds,-3.39,38.56,Voi Wildlife Lodge
370,Dayong,CN,77.0,few clouds,25.02,118.29,Haiyue Express Hotel
371,Pakala,IN,84.4,broken clouds,13.47,79.12,TELUGU TALLI OLD AGE HOME
372,Hami,CN,69.01,overcast clouds,42.8,93.45,Laoyutang Resort
373,Umm Lajj,SA,78.06,clear sky,25.02,37.27,Tanal Hotel Apartment
374,Wasilla,US,60.01,overcast clouds,61.58,-149.44,Alaska's Select Inn Wasilla
375,Pringsewu,ID,74.08,broken clouds,-5.36,104.97,Urban Style by Front One
377,Itacoatiara,BR,82.4,light rain,-3.14,-58.44,BBB Rooms Centro Itacoatiara AM
378,Pipri,IN,83.28,scattered clouds,19.8,75.53,Sukhana River nilu and rushi home
379,Alegrete,BR,70.2,scattered clouds,-29.78,-55.79,Hotel Alegrete
380,Mitu,CO,88.05,light rain,1.2,-70.17,
381,Toftir,CO,88.05,light rain,1.2,-70.17,
382,Lyndon,US,75.99,broken clouds,38.26,-85.6,SpringHill Suites by Marriott Louisville Hurstbourne/North
384,Isla Aguada,MX,82.4,overcast clouds,18.78,-91.47,Freedom Shores
389,Zhuanghe,CN,61.0,clear sky,39.7,122.99,Hanting Express Dalian Zhuanghe Qiansheng
390,High Rock,BS,86.0,broken clouds,26.62,-78.28,Ocean Pearl Bonefishing Resort
391,Harper,LR,78.62,moderate rain,4.38,-7.72,Cape View Guest House
392,Doha,QA,90.0,scattered clouds,25.29,51.53,Movenpick Hotel Doha
393,Sakaiminato,JP,66.2,broken clouds,35.55,133.23,味処・民宿 まつや
394,Yenagoa,NG,76.8,overcast clouds,4.92,6.26,Amba Hotels Limited
395,Gurgan,NG,76.8,overcast clouds,4.92,6.26,Amba Hotels Limited
396,Kijang,KR,66.2,light rain,35.24,129.21,Brown Dot Gijang Yeonhwari
398,Jalu,LY,81.16,scattered clouds,29.03,21.55,Jalu Hotel
400,Wangkui,CN,65.28,broken clouds,46.83,126.5,Pengda Hotel
401,Mao,ES,66.2,clear sky,39.89,4.27,Hotel Catalonia Mirador des Port
402,Bahia Honda,CU,84.78,light rain,22.9,-83.16,Casa Gualberto - Deysi
403,Cacoal,BR,84.45,light rain,-11.44,-61.45,Hotel BR 364
404,Niquero,CU,85.89,few clouds,20.04,-77.58,
405,Coalinga,US,77.0,broken clouds,36.14,-120.36,Royal Lodge Motel
406,Parrita,CR,77.0,broken clouds,9.52,-84.32,Beso del Viento
407,Wahran,CR,77.0,broken clouds,9.52,-84.32,Beso del Viento
408,Port Keats,AU,71.15,overcast clouds,-14.25,129.55,TDC Village (Hundred Man Camp)
410,Seguin,US,88.0,clear sky,29.57,-97.96,Days Inn by Wyndham Seguin TX
411,Bahir Dar,ET,69.19,light rain,11.59,37.39,"Delano Hotel, Bahir Dar"
412,Cockburn Town,TC,81.64,light rain,21.46,-71.14,Osprey Beach Hotel
417,Suwannaphum,TH,87.01,overcast clouds,15.6,103.8,วรรณมณี รีสอร์ท
418,Hambantota,LK,80.96,clear sky,6.12,81.12,Bungalow 63
419,Dondo,MZ,75.2,clear sky,-19.61,34.74,Arco Iris
421,Amapa,BR,80.87,light rain,1.0,-52.0,
422,Tonantins,BR,83.35,light rain,-2.87,-67.8,Hotel Rei Davi
423,Ambilobe,MG,73.27,clear sky,-13.2,49.05,Hôtel & Restaurant DIANA Ambilobe
426,Vangaindrano,MG,69.71,overcast clouds,-23.35,47.6,Hotel Fanilo
427,Port-Gentil,GA,78.8,broken clouds,-0.72,8.78,Fengshui Residence
429,Den Helder,NL,61.0,clear sky,52.96,4.76,Hotel Den Helder
431,Kimbe,PG,74.98,scattered clouds,-5.55,150.14,Kimbe Bay Hotel
432,Fukue,JP,66.16,light rain,32.69,128.84,Goto Guesthouse Utojuku & SA Car Rental
433,Santa Rita,BR,82.4,few clouds,-7.11,-34.98,Infinity Motel
435,Buala,SB,81.16,light rain,-8.14,159.59,Maringe Lagoon Lodge
436,Chivolo,CO,82.56,light rain,10.03,-74.62,hotel las vegas
438,Chenghai,CN,75.2,few clouds,23.46,116.77,Guangdong Hotel
439,Kibala,TD,87.35,scattered clouds,9.11,18.35,
440,Ijaki,TD,87.35,scattered clouds,9.11,18.35,
442,Vicuna,CL,62.01,light rain,-30.03,-70.71,Los Mosaicos
445,Lacombe,CA,78.01,broken clouds,52.47,-113.74,Greenway Inn
446,Kleck,CA,78.01,broken clouds,52.47,-113.74,Greenway Inn
447,Tanjong Sepat,CA,78.01,broken clouds,52.47,-113.74,Greenway Inn
448,Mayo,US,82.0,clear sky,38.89,-76.51,Resorts Resource Group International
451,Dallas,US,88.0,few clouds,32.77,-96.78,Hotel Indigo Dallas Downtown
453,Salalah,OM,77.0,light rain,17.02,54.09,HAMDAN PLAZA HOTEL
455,The Valley,AI,87.8,few clouds,18.22,-63.06,CeBlue Villas & Beach Resort
456,Luganville,VU,77.0,broken clouds,-15.53,167.17,The Espiritu Hotel
457,Sheridan,US,82.99,clear sky,44.83,-106.92,Best Western Sheridan Center
459,Iquique,CL,69.8,broken clouds,-20.22,-70.14,Backpacker`s Hostel Iquique
460,Itarema,BR,80.04,light rain,-2.92,-39.92,Windvillage
464,Undory,RU,69.8,overcast clouds,54.61,48.39,"Ul'yanovskkurort, Turoperator"
465,Umarkot,PK,83.82,clear sky,25.36,69.74,Qureshi Loudge
466,Kathu,TH,78.8,few clouds,7.92,98.33,Sunset Beach Resort
468,Alamosa,US,82.4,clear sky,37.47,-105.87,Best Western Alamosa Inn
469,Sechura,PE,80.1,clear sky,-5.56,-80.82,Hospedaje Costa Bella
470,Dicamay,PH,74.8,clear sky,16.76,122.0,
474,Eenhana,,64.4,clear sky,-17.47,16.33,Hotel Litu
475,Lagos,NG,80.6,few clouds,6.58,3.75,
476,Naze,JP,75.2,overcast clouds,28.37,129.48,奄美ポートタワーホテル
477,Port Blair,IN,83.35,overcast clouds,11.67,92.75,Hotel Sentinel
478,Bodden Town,KY,87.8,few clouds,19.28,-81.25,Will T Place
479,Qandahar,KY,87.8,few clouds,19.28,-81.25,Will T Place
480,Pisco,PE,68.0,scattered clouds,-13.7,-76.22,Hostal San Isidro Oficial
481,Yanan,PE,68.0,scattered clouds,-13.7,-76.22,Hostal San Isidro Oficial
482,Sumenep,ID,80.15,light rain,-7.02,113.87,OYO 3271 Homestay Pandian
483,Adwa,ET,73.4,broken clouds,14.16,38.9,Maay Assa Hotel
490,Jorhat,IN,73.78,clear sky,26.75,94.22,Hotel Jora Palace
492,Areosa,PT,64.99,overcast clouds,41.72,-8.86,Hotel Flôr de Sal
493,Pachino,IT,64.0,light rain,36.72,15.09,La Vignazza B&B
494,Shakawe,BW,60.55,clear sky,-18.37,21.85,Ditlhapi Guest House
495,Ust-Kamchatsk,BW,60.55,clear sky,-18.37,21.85,Ditlhapi Guest House
496,Sur,OM,89.89,overcast clouds,22.57,59.53,Sur Plaza Hotel
497,Lumding,IN,71.83,light rain,25.75,93.17,Hotel Nilamber
499,Otavi,,60.93,clear sky,-19.65,17.33,Stop 'n Stay Otavi Rest Camp
503,Hue,VN,80.6,few clouds,16.47,107.6,Saigon Morin Hotel
504,Longlac,VN,80.6,few clouds,16.47,107.6,Saigon Morin Hotel
505,Baturaja,ID,74.39,few clouds,-4.13,104.17,"HOTEL Sekar Sunja, Baturaja Timur, Ogan Komering Ulu"
506,Mareeba,AU,73.4,broken clouds,-17.0,145.43,Trinity Plains Tourist Park
507,Tank,PK,83.71,few clouds,32.22,70.38,Gula Jan Abdulai
509,Buchanan,LR,82.4,broken clouds,5.88,-10.05,Kamaneahn Hotel Inc
512,Coquimbo,CL,62.6,broken clouds,-29.95,-71.34,Hotel San Juan
513,Edson,CA,71.6,clear sky,53.58,-116.44,Holiday Inn Express & Suites Edson
517,Kenai,US,62.6,clear sky,60.55,-151.26,Aspen Extended Stay Suites
519,Hanyang,CN,66.87,overcast clouds,32.14,105.51,Forestry Hostel
520,Astana,KZ,63.0,clear sky,51.18,71.45,King Hotel Astana
522,Korcula,HR,63.39,clear sky,42.96,17.14,Hotel Marko Polo
524,Buin,CL,64.4,haze,-33.73,-70.75,Paihuen
525,Akonolinga,CM,71.58,overcast clouds,3.77,12.25,Le Diamant De Mireille
528,Trairi,BR,79.48,light rain,-3.28,-39.27,Pousada Field Lilies - Trairi
529,Mitsamiouli,KM,80.91,clear sky,-11.38,43.28,Foyer ADM
530,Sao Jose Da Coroa Grande,BR,76.75,moderate rain,-8.9,-35.15,Crôa Mares Hotel
531,Mtimbira,TZ,71.26,few clouds,-8.78,36.35,
532,Mataram,ID,75.2,broken clouds,-8.58,116.12,Lombok Garden Hotel
533,Dolbeau,ID,75.2,broken clouds,-8.58,116.12,Lombok Garden Hotel
535,Vanimo,PG,78.19,light rain,-2.67,141.3,Vahmoneh Lodge Vanimo
536,Bonthe,SL,80.38,light rain,7.53,-12.51,Bonthe Holiday Village
537,Gaffney,US,87.01,few clouds,35.07,-81.65,Quality Inn Gaffney I-85
538,Ngukurr,US,87.01,few clouds,35.07,-81.65,Quality Inn Gaffney I-85
539,Nishihara,JP,80.6,scattered clouds,26.18,127.76,Minshuku Agaihama
541,Paka,MY,77.0,few clouds,4.64,103.44,Rumbia Resort Villa Paka Terengganu
542,Cazaje,MY,77.0,few clouds,4.64,103.44,Rumbia Resort Villa Paka Terengganu
544,Hobyo,SO,83.03,overcast clouds,5.35,48.53,Osmani Hotel
545,San Juan De Los Morros,VE,85.73,broken clouds,9.91,-67.35,Hotel La Montaña
548,Hangal,IN,77.94,overcast clouds,14.77,75.13,SPOT ON 69194 Adishakti
549,Kutum,SD,78.35,clear sky,14.2,24.67,Dibbo areaمنطقة دبو
552,Hongjiang,CN,71.62,overcast clouds,27.11,110.0,洪江大酒店
553,Dauphin,CA,69.8,few clouds,51.15,-100.05,Canway Inn & Suites
554,Meulaboh,ID,78.49,moderate rain,4.14,96.13,Kost Pria
555,Rosarito,MX,75.99,broken clouds,32.33,-117.03,Hotel Festival Plaza Rosarito
556,Polovinnoye,RU,60.48,clear sky,54.79,65.99,
559,Misratah,LY,70.05,broken clouds,32.38,15.09,فندق الماسة
560,Nipawin,CA,68.0,clear sky,53.37,-104.0,Tobin Lake Motel
561,Santa Cruz,BO,84.2,clear sky,-17.8,-63.17,Hotel Cortez
564,Youkounkoun,GN,80.74,overcast clouds,12.53,-13.13,
565,Sadiqabad,PK,88.57,overcast clouds,28.31,70.13,MIDWAY HOTEL
566,Ambon,ID,80.01,clear sky,-3.7,128.18,Swiss-Belhotel Ambon
567,Anloga,GH,78.8,few clouds,5.79,0.9,Dey Lodge
568,Bontang,ID,81.09,overcast clouds,0.13,117.5,Okra Leaf Guest House Syariah
569,Kampot,KH,80.6,few clouds,10.62,104.18,Champa Lodge
571,Kahta,TR,64.4,clear sky,37.79,38.62,Kommagene Hotel
572,Hirado,JP,69.01,light rain,33.36,129.55,Samson Hotel
573,Tumannyy,JP,69.01,light rain,33.36,129.55,Samson Hotel
574,Ucar,AZ,66.2,clear sky,40.52,47.65,Aşura market
579,Boz,FR,64.0,clear sky,46.41,4.91,Le Jardin de la Reyssouze
580,Samalaeulu,FR,64.0,clear sky,46.41,4.91,Le Jardin de la Reyssouze
581,Kamaishi,JP,60.58,clear sky,39.27,141.88,Hotel Route Inn Kamaishi
582,Sao Bento Do Sul,BR,64.99,scattered clouds,-26.25,-49.38,Serra Alta Hotel
583,Kabo,CF,76.91,overcast clouds,7.7,18.63,
584,Norman Wells,CA,68.0,few clouds,65.28,-126.83,Heritage Hotel
585,Lodja,CD,77.97,overcast clouds,-3.48,23.43,
587,Kemise,ET,73.11,scattered clouds,10.72,39.87,Chefa Valley Hotel
588,Cam Pha,ET,73.11,scattered clouds,10.72,39.87,Chefa Valley Hotel
589,Labuan,MY,80.6,broken clouds,5.28,115.24,Tiara Labuan Hotel
592,Mocuba,MZ,67.41,few clouds,-16.84,36.99,Phama Lodge
593,Rungata,MZ,67.41,few clouds,-16.84,36.99,Phama Lodge
595,Lompoc,US,68.0,overcast clouds,34.64,-120.46,Holiday Inn Express Lompoc
597,Ailigandi,PA,80.69,moderate rain,9.23,-78.02,akwa reef lodge
598,Omboue,GA,76.64,overcast clouds,-1.57,9.26,Hotel Olako
599,Guanica,PR,89.01,broken clouds,17.97,-66.91,Copamarina Beach Resort & Spa
600,Bolshoy Tsaryn,PR,89.01,broken clouds,17.97,-66.91,Copamarina Beach Resort & Spa
601,Hengshui,CN,64.67,broken clouds,37.73,115.7,Eaka Hotel Hengshui Railway Station Branch
602,Barstow,US,78.8,clear sky,34.9,-117.02,"Motel 6 Barstow, CA"
603,Thinadhoo,MV,84.2,overcast clouds,0.53,72.93,
605,Mjolby,SE,60.8,broken clouds,58.33,15.12,Mjölby Stadshotell AB
608,Kloulklubed,PW,77.0,overcast clouds,7.04,134.26,Storyboard Beach Resort
609,Bani,DO,89.6,scattered clouds,18.28,-70.33,Hospedaje Henriquez
610,Sola,VU,81.36,scattered clouds,-13.88,167.55,Leumerus Bungalows
612,Avera,US,87.8,broken clouds,33.19,-82.53,
613,Chaoyang,CN,64.81,light rain,41.57,120.46,Chaoyang Genting International Hotel
614,Hirara,JP,81.93,overcast clouds,24.8,125.28,Hotel Atoll Emerald Miyakojima
616,Vao,NC,72.48,clear sky,-22.67,167.48,Hotel Kou-Bugny
621,Khash,IR,75.56,clear sky,28.22,61.22,دفتر پیشخوان دولت جمال زهی (خالد)
622,Kushima,JP,62.6,light rain,31.46,131.23,Hanaoka
623,Awjilah,LY,80.78,few clouds,29.11,21.29,
624,Morgaushi,RU,68.0,few clouds,55.96,46.77,
625,Sinnamary,GF,81.14,light rain,5.38,-52.95,ALETHEIA Appartement Sinnamary
626,Sao Miguel Do Araguaia,BR,79.61,clear sky,-13.28,-50.16,Hotel Executivo Palace
627,Loralai,PK,71.38,few clouds,30.37,68.6,City Hotel. Loralai. Blochistan
628,Birpur,IN,77.47,light rain,26.52,87.02,Maa Sherawali Sweet Content
