City_ID,City,Country,Lat,Lng,Max Temp,Humidity,Cloudiness,Wind Speed,Current Description,Rain (inches),Snow (inches)
0,Punta Arenas,CL,-53.15,-70.92,42.8,93,90,9.17,light rain,0,0
1,Castro,BR,-24.79,-50.01,62.38,70,0,3.76,clear sky,0,0
2,Butaritari,KI,3.07,172.79,78.96,77,100,11.83,light rain,0,0
3,Manado,ID,1.49,124.85,75.2,94,40,3.2,scattered clouds,0,0
4,Shelburne,CA,44.08,-80.2,53.6,81,90,11.41,overcast clouds,0,0
5,Jacqueville,CI,5.21,-4.41,80.6,83,20,5.82,few clouds,0,0
6,Rikitea,PF,-23.12,-134.97,74.77,81,13,11.39,few clouds,0,0
7,Busselton,AU,-33.65,115.33,57.99,79,98,15.03,light rain,0,0
8,Hobart,AU,-42.88,147.33,57.2,50,75,17.22,broken clouds,0,0
9,Cacu,BR,-18.56,-51.13,73.89,58,62,3.18,broken clouds,0,0
10,Vaini,TO,-21.2,-175.2,73.4,94,20,3.36,few clouds,0,0
11,Barrow,US,71.29,-156.79,33.8,86,1,14.99,clear sky,0,0
12,Tasiilaq,GL,65.61,-37.64,39.2,80,75,21.92,broken clouds,0,0
13,Qaanaaq,GL,77.48,-69.36,30.51,93,1,3.13,clear sky,0,0
14,Taolanaro,GL,77.48,-69.36,30.51,93,1,3.13,clear sky,0,0
15,Manga,BF,11.66,-1.07,96.67,25,81,7.23,broken clouds,0,0
16,Ahuimanu,US,21.44,-157.84,87.8,52,20,10.29,few clouds,0,0
17,Port Elizabeth,ZA,-33.92,25.57,51.8,100,0,2.24,mist,0,0
18,Mataura,NZ,-46.19,168.86,36.72,81,17,2.26,few clouds,0,0
19,Ribeira Grande,PT,38.52,-28.7,66.2,88,75,13.87,broken clouds,0,0
20,Mar Del Plata,AR,-38.0,-57.56,61.0,93,90,14.99,light intensity drizzle,0,0
21,Tiksi,RU,71.69,128.87,34.39,86,99,4.12,overcast clouds,0,0
22,Kapaa,US,22.08,-159.32,84.0,78,75,11.41,broken clouds,0,0
23,Sentyabrskiy,US,22.08,-159.32,84.0,78,75,11.41,broken clouds,0,0
24,Quang Ngai,VN,15.12,108.8,78.53,81,84,3.69,broken clouds,0,0
25,Vila Velha,BR,-20.33,-40.29,77.0,65,0,11.41,clear sky,0,0
26,Ushuaia,AR,-54.8,-68.3,42.8,81,40,3.36,scattered clouds,0,0
27,Nikolskoye,RU,59.7,30.79,60.8,36,0,8.95,clear sky,0,0
28,Bara,NG,10.37,10.73,91.06,48,100,15.28,overcast clouds,0,0
29,San Jose,US,37.34,-121.89,71.6,49,75,12.75,light rain,0,0
30,Dikson,RU,73.51,80.55,29.39,99,99,13.06,overcast clouds,0,0
31,Arraial Do Cabo,BR,-22.97,-42.03,77.0,65,0,11.41,clear sky,0,0
32,Illoqqortoormiut,BR,-22.97,-42.03,77.0,65,0,11.41,clear sky,0,0
33,Cabo San Lucas,MX,22.89,-109.91,91.0,48,5,13.87,clear sky,0,0
34,Charters Towers,AU,-20.1,146.27,59.29,96,1,4.79,clear sky,0,0
35,Vikesa,NO,58.64,6.09,60.01,67,2,3.36,clear sky,0,0
36,Barentsburg,NO,58.64,6.09,60.01,67,2,3.36,clear sky,0,0
37,Mahebourg,MU,-20.41,57.7,69.8,88,20,4.7,few clouds,0,0
38,Luderitz,NA,-26.65,15.16,66.2,38,0,3.36,clear sky,0,0
39,Ahipara,NZ,-35.17,173.17,57.33,90,100,7.34,light rain,0,0
40,Jamestown,US,42.1,-79.24,62.01,63,40,17.22,scattered clouds,0,0
41,Beringovskiy,RU,63.05,179.32,35.31,86,86,8.86,overcast clouds,0,0
42,Bethel,US,41.37,-73.41,81.0,41,1,10.29,clear sky,0,0
43,Vani,GE,42.08,42.52,60.8,93,40,2.24,scattered clouds,0,0
44,Yar-Sale,RU,66.83,70.83,41.23,83,21,8.5,few clouds,0,0
45,Carnarvon,AU,-24.87,113.63,62.46,62,36,21.14,scattered clouds,0,0
46,Tefe,BR,-3.35,-64.71,86.0,79,40,5.82,scattered clouds,0,0
47,Lorengau,PG,-2.02,147.27,81.21,79,38,5.57,light rain,0,0
48,Bathsheba,BB,13.22,-59.52,87.8,58,20,21.92,few clouds,0,0
49,Belmonte,BR,-15.86,-38.88,71.6,88,75,4.7,broken clouds,0,0
50,Padang,ID,-0.95,100.35,79.47,79,98,2.1,moderate rain,0,0
51,Marion,US,39.77,-86.16,73.0,46,75,11.41,broken clouds,0,0
52,Palmares Do Sul,BR,-30.26,-50.51,66.33,69,100,3.62,overcast clouds,0,0
53,Ercis,TR,39.03,43.36,53.6,54,0,4.7,clear sky,0,0
54,Bluff,NZ,-46.6,168.33,44.08,76,11,7.61,few clouds,0,0
55,Tuktoyaktuk,CA,69.45,-133.04,35.6,69,40,10.29,scattered clouds,0,0
56,Muisne,EC,0.6,-80.03,84.2,79,75,6.93,broken clouds,0,0
57,Ponta Do Sol,PT,32.67,-17.1,68.0,77,40,16.11,scattered clouds,0,0
58,Puerto Ayora,EC,-0.74,-90.35,87.8,52,40,11.41,scattered clouds,0,0
59,Saint-Philippe,RE,-21.36,55.77,69.8,64,0,6.93,clear sky,0,0
60,Progreso,MX,21.28,-89.67,91.99,62,75,4.7,broken clouds,0,0
61,Quatre Cocos,MU,-20.21,57.76,71.01,88,20,4.7,few clouds,0,0
62,College,US,64.86,-147.8,75.99,23,75,13.87,broken clouds,0,0
63,Broken Hill,AU,-31.95,141.43,53.6,50,24,6.93,few clouds,0,0
64,Kaitangata,NZ,-46.28,169.85,46.0,73,6,1.99,clear sky,0,0
65,Hithadhoo,MV,-0.6,73.08,84.27,69,99,7.36,overcast clouds,0,0
66,Havoysund,NO,71.0,24.66,42.8,100,100,13.87,drizzle,0,0
67,Bogorodskoye,RU,56.55,37.88,56.37,82,100,15.77,overcast clouds,0,0
68,Kahului,US,20.89,-156.47,82.4,61,40,13.87,scattered clouds,0,0
69,Hermanus,ZA,-34.42,19.23,57.99,81,0,9.71,clear sky,0,0
70,Vila Franca Do Campo,PT,37.72,-25.43,64.4,93,75,12.75,broken clouds,0,0
71,Grand River South East,PT,37.72,-25.43,64.4,93,75,12.75,broken clouds,0,0
72,Chagda,PT,37.72,-25.43,64.4,93,75,12.75,broken clouds,0,0
73,Airai,TL,-8.93,125.41,56.68,76,0,2.59,clear sky,0,0
74,Ruwi,OM,23.6,58.55,102.2,22,100,24.16,overcast clouds,0,0
75,Gracac,HR,44.3,15.85,59.0,72,40,9.17,scattered clouds,0,0
76,Albany,US,42.6,-73.97,79.0,36,0,7.87,clear sky,0,0
77,East London,ZA,-33.02,27.91,62.47,74,86,6.55,overcast clouds,0,0
78,Palaiokhora,ZA,-33.02,27.91,62.47,74,86,6.55,overcast clouds,0,0
79,San Patricio,MX,19.22,-104.7,80.6,83,40,11.41,scattered clouds,0,0
80,Santa Rosa,PH,14.31,121.11,82.99,83,20,2.24,few clouds,0,0
81,Danjiangkou,CN,32.54,111.51,71.92,78,94,3.76,overcast clouds,0,0
82,Zapolyarnyy,RU,69.42,30.81,42.8,70,100,9.17,overcast clouds,0,0
83,Barabai,ID,-2.58,115.38,75.58,92,93,1.16,overcast clouds,0,0
84,Ust-Nera,RU,64.57,143.2,36.97,79,100,3.24,overcast clouds,0,0
85,Burica,RU,64.57,143.2,36.97,79,100,3.24,overcast clouds,0,0
86,Narsaq,GL,60.92,-46.05,55.4,30,75,8.05,broken clouds,0,0
87,Upernavik,GL,72.79,-56.15,30.34,94,0,5.99,clear sky,0,0
88,Saint George,US,37.1,-113.58,93.2,15,1,11.41,clear sky,0,0
89,Preobrazheniye,RU,42.9,133.91,52.75,65,0,7.94,clear sky,0,0
90,Coihaique,CL,-45.58,-72.07,42.8,65,40,6.93,scattered clouds,0,0
91,Nhulunbuy,AU,-12.23,136.77,71.6,94,17,9.44,few clouds,0,0
92,Nouadhibou,MR,20.93,-17.03,71.6,73,0,17.22,clear sky,0,0
93,Raozan,MR,20.93,-17.03,71.6,73,0,17.22,clear sky,0,0
94,Comodoro Rivadavia,AR,-45.87,-67.5,51.8,62,0,3.36,clear sky,0,0
95,Kavieng,PG,-2.57,150.8,82.36,76,22,6.8,few clouds,0,0
96,Husavik,IS,66.04,-17.34,55.4,47,20,23.04,few clouds,0,0
97,Te Anau,NZ,-45.42,167.72,38.1,79,16,0.83,few clouds,0,0
98,Haines Junction,CA,60.75,-137.51,60.48,48,83,4.54,light rain,0,0
99,Pokaran,IN,26.92,71.92,81.68,56,100,19.53,light rain,0,0
100,Kokoda,PG,-8.88,147.74,72.41,69,22,2.04,few clouds,0,0
101,Kalabo,ZM,-14.97,22.68,63.95,38,100,4.23,overcast clouds,0,0
102,San Felipe,VE,10.34,-68.74,82.08,75,100,4.32,moderate rain,0,0
103,Avarua,CK,-21.21,-159.78,80.6,88,0,2.24,clear sky,0,0
104,Inhambane,MZ,-23.86,35.38,68.0,94,1,8.39,clear sky,0,0
105,Faanui,PF,-16.48,-151.75,81.09,81,0,19.71,clear sky,0,0
106,Along,IN,28.17,94.77,65.73,81,63,1.05,broken clouds,0,0
107,Fairbanks,US,64.84,-147.72,75.99,23,75,11.41,broken clouds,0,0
108,Bredasdorp,ZA,-34.53,20.04,51.8,87,0,1.12,clear sky,0,0
109,Amderma,ZA,-34.53,20.04,51.8,87,0,1.12,clear sky,0,0
110,Vaitupu,ZA,-34.53,20.04,51.8,87,0,1.12,clear sky,0,0
111,Moramanga,MG,-18.93,48.2,63.95,96,80,2.3,broken clouds,0,0
112,Georgetown,MY,5.41,100.34,80.6,94,20,6.62,few clouds,0,0
113,Tautira,PF,-17.73,-149.15,84.2,74,20,3.36,few clouds,0,0
114,Sakakah,SA,29.97,40.21,86.0,18,0,8.05,clear sky,0,0
115,Viedma,AR,-40.81,-63.0,46.13,83,100,20.96,moderate rain,0,0
116,Nichinan,JP,31.6,131.37,64.0,88,75,10.29,light rain,0,0
117,Yellowknife,CA,62.46,-114.35,62.01,30,20,9.17,few clouds,0,0
118,Fortuna,US,40.6,-124.16,55.99,100,90,4.7,light rain,0,0
119,Mackenzie,CA,55.3,-123.17,59.0,77,1,3.36,clear sky,0,0
120,Guerrero Negro,MX,27.98,-114.06,74.01,51,0,20.56,clear sky,0,0
121,Quzhou,CN,28.96,118.87,66.94,93,100,0.54,overcast clouds,0,0
122,Ruzomberok,SK,49.07,19.31,53.6,58,20,9.17,few clouds,0,0
123,Date,JP,42.47,140.87,54.68,69,0,2.26,clear sky,0,0
124,Teluk Nibung,ID,3.0,99.82,76.3,92,100,4.83,overcast clouds,0,0
125,Santa Maria,BR,-29.68,-53.81,68.67,72,97,2.26,overcast clouds,0,0
126,Amazar,RU,53.86,120.88,40.08,91,100,3.87,overcast clouds,0,0
127,Cape Town,ZA,-33.93,18.42,54.0,93,0,1.12,fog,0,0
128,Gat,IL,31.61,34.76,70.0,71,0,9.4,clear sky,0,0
129,Andrelandia,BR,-21.74,-44.31,61.41,74,2,3.38,clear sky,0,0
130,Talcahuano,CL,-36.72,-73.12,59.0,41,0,14.99,clear sky,0,0
131,Iqaluit,CA,63.75,-68.51,30.2,80,75,3.36,broken clouds,0,0
132,Laguna,US,38.42,-121.42,75.99,49,90,4.7,overcast clouds,0,0
133,Lasa,IT,46.62,10.7,48.2,70,40,10.29,scattered clouds,0,0
134,Kudahuvadhoo,MV,2.67,72.89,83.1,74,100,6.44,moderate rain,0,0
135,Maarianhamina,AX,60.1,19.93,55.4,54,0,12.75,clear sky,0,0
136,Severo-Kurilsk,RU,50.68,156.12,39.49,90,81,9.35,broken clouds,0,0
137,Zeya,RU,53.75,127.27,46.74,90,100,2.37,overcast clouds,0,0
138,Cikarang,ID,-6.26,107.15,80.6,83,20,4.7,haze,0,0
139,Port Alfred,ZA,-33.59,26.89,57.0,80,0,4.0,clear sky,0,0
140,Thompson,CA,55.74,-97.86,64.4,22,20,10.29,few clouds,0,0
141,Hay River,CA,60.82,-115.8,55.4,26,20,8.05,few clouds,0,0
142,Dori,BF,14.04,-0.03,102.11,16,69,1.34,broken clouds,0,0
143,Katangli,RU,51.71,143.23,41.36,98,100,11.54,overcast clouds,0,0
144,Altay,CN,47.87,88.12,53.37,57,0,2.62,clear sky,0,0
145,Touros,BR,-5.2,-35.46,77.0,94,90,3.36,light rain,0,0
146,Antalaha,MG,-14.9,50.28,74.43,92,99,5.37,moderate rain,0,0
147,Les Cayes,HT,18.2,-73.75,83.34,74,100,10.76,light rain,0,0
148,Salinas,US,36.68,-121.66,69.01,88,90,4.7,light rain,0,0
149,Tehachapi,US,35.13,-118.45,69.01,34,1,12.75,clear sky,0,0
150,Provideniya,RU,64.38,-173.3,45.77,57,0,12.1,clear sky,0,0
151,Samarai,PG,-10.62,150.67,80.96,83,64,12.08,light rain,0,0
152,Roches Noires,PG,-10.62,150.67,80.96,83,64,12.08,light rain,0,0
153,Hamilton,US,39.18,-84.53,75.0,43,40,12.75,scattered clouds,0,0
154,Zhezkazgan,KZ,47.8,67.71,74.55,31,0,9.84,clear sky,0,0
155,Zemio,CF,5.03,25.14,71.01,96,98,1.81,moderate rain,0,0
156,Taoudenni,ML,22.68,-3.98,96.89,9,0,4.41,clear sky,0,0
157,Cabedelo,BR,-6.98,-34.83,82.4,78,20,12.75,few clouds,0,0
158,Katobu,ID,-4.94,122.53,76.64,91,90,3.83,overcast clouds,0,0
159,Findlay,US,41.04,-83.65,69.8,43,75,12.75,broken clouds,0,0
160,Kiunga,PG,-6.12,141.29,73.51,98,100,1.32,moderate rain,0,0
161,Kirensk,RU,57.79,108.11,42.03,63,96,1.95,overcast clouds,0,0
162,New Norfolk,AU,-42.78,147.06,55.99,63,54,1.99,broken clouds,0,0
163,Paita,PE,-5.09,-81.11,80.6,69,0,16.11,clear sky,0,0
164,Antofagasta,CL,-23.65,-70.4,68.0,56,40,12.75,scattered clouds,0,0
165,Yarmouth,US,41.71,-70.23,70.0,77,1,8.05,clear sky,0,0
166,Manta,EC,-0.95,-80.73,84.2,70,63,8.05,broken clouds,0,0
167,Calama,CL,-22.47,-68.93,60.8,51,40,25.28,scattered clouds,0,0
168,Cidreira,BR,-30.18,-50.21,66.61,72,100,3.53,overcast clouds,0,0
169,Ordynskoye,RU,54.37,81.9,51.91,84,49,8.03,scattered clouds,0,0
170,Sao Filipe,CV,14.9,-24.5,75.63,70,0,6.58,clear sky,0,0
171,Miranorte,CV,14.9,-24.5,75.63,70,0,6.58,clear sky,0,0
172,Dingle,PH,11.0,122.67,77.76,85,10,6.08,clear sky,0,0
173,Nizhneyansk,PH,11.0,122.67,77.76,85,10,6.08,clear sky,0,0
174,Hilo,US,19.73,-155.09,78.01,83,90,8.05,overcast clouds,0,0
175,Debre Tabor,ET,11.85,38.02,60.1,74,100,1.5,light rain,0,0
176,Xai-Xai,MZ,-25.05,33.64,68.65,85,0,6.53,clear sky,0,0
177,Bogatynia,PL,50.91,14.96,51.01,71,100,5.77,overcast clouds,0,0
178,Barawe,PL,50.91,14.96,51.01,71,100,5.77,overcast clouds,0,0
179,Clyde River,CA,70.47,-68.59,24.8,100,20,4.7,few clouds,0,0
180,Price,US,39.6,-110.81,82.4,24,20,8.05,few clouds,0,0
181,Kodiak,US,57.79,-152.41,50.0,81,1,4.7,clear sky,0,0
182,Cochrane,CA,51.18,-114.47,75.99,40,1,24.16,clear sky,0,0
183,Dwarka,IN,22.24,68.97,83.59,88,52,12.62,broken clouds,0,0
184,General Roca,AR,-39.03,-67.58,51.8,57,20,6.93,few clouds,0,0
185,Bengkulu,ID,-3.8,102.27,76.93,87,100,5.66,overcast clouds,0,0
186,Marcona,ID,-3.8,102.27,76.93,87,100,5.66,overcast clouds,0,0
187,Inta,RU,66.03,60.17,40.08,88,100,15.26,overcast clouds,0,0
188,Nago,JP,26.59,127.98,80.6,88,75,11.41,broken clouds,0,0
189,Atuona,PF,-9.8,-139.03,81.37,75,27,17.87,scattered clouds,0,0
190,Khasan,RU,42.43,130.64,52.12,92,0,1.9,clear sky,0,0
191,Esperance,AU,-33.87,121.9,51.8,81,56,18.34,light rain,0,0
192,Bereda,ES,43.27,-7.54,71.01,66,100,3.0,light rain,0,0
193,Cancun,MX,21.17,-86.85,87.8,70,75,13.87,broken clouds,0,0
194,Sao Joao Da Barra,BR,-21.64,-41.05,78.8,57,0,13.87,clear sky,0,0
195,Bababe,BR,-21.64,-41.05,78.8,57,0,13.87,clear sky,0,0
196,Port Macquarie,AU,-31.43,152.92,54.0,97,17,6.71,few clouds,0,0
197,Log,RU,49.48,43.86,59.88,73,0,11.61,clear sky,0,0
198,Kaeo,NZ,-35.1,173.78,61.0,98,100,7.0,moderate rain,0,0
199,Colorado Springs,US,38.83,-104.82,84.2,21,75,9.17,broken clouds,0,0
200,Abu Kamal,SY,34.45,40.92,76.84,19,0,8.16,clear sky,0,0
201,Egvekinot,RU,66.32,-179.17,36.23,96,0,6.11,clear sky,0,0
202,Victoria,HK,22.29,114.16,84.0,83,99,8.01,light rain,0,0
203,Kruisfontein,ZA,-34.0,24.73,52.54,91,0,4.29,clear sky,0,0
204,Srandakan,ID,-7.94,110.25,77.95,86,20,4.85,few clouds,0,0
205,Longyearbyen,SJ,78.22,15.64,35.6,93,75,3.85,broken clouds,0,0
206,Caravelas,BR,-17.71,-39.25,72.68,68,5,4.81,clear sky,0,0
207,Pinega,RU,64.7,43.39,41.61,86,100,9.1,overcast clouds,0,0
208,General Pico,AR,-35.66,-63.76,51.78,53,97,17.09,overcast clouds,0,0
209,Louisbourg,AR,-35.66,-63.76,51.78,53,97,17.09,overcast clouds,0,0
210,Rawson,AR,-43.3,-65.1,49.32,50,0,6.58,clear sky,0,0
211,Tsihombe,AR,-43.3,-65.1,49.32,50,0,6.58,clear sky,0,0
212,Saleaula,AR,-43.3,-65.1,49.32,50,0,6.58,clear sky,0,0
213,Seoni,IN,22.08,79.53,85.82,30,16,5.37,few clouds,0,0
214,Pemangkat,ID,1.17,108.97,78.64,89,78,3.8,light rain,0,0
215,Grindavik,IS,63.84,-22.43,48.2,76,75,17.22,broken clouds,0,0
216,Chuy,UY,-33.7,-53.46,65.75,80,65,4.36,broken clouds,0,0
217,Seoul,KR,37.57,126.98,62.6,88,75,1.12,broken clouds,0,0
218,Ovalle,CL,-30.6,-71.2,65.84,52,100,5.73,overcast clouds,0,0
219,Redmond,US,47.67,-122.12,54.0,91,100,5.59,overcast clouds,0,0
220,Kedrovyy,RU,56.17,91.82,51.8,87,40,11.18,scattered clouds,0,0
221,Rexburg,US,43.83,-111.79,87.8,25,1,12.75,clear sky,0,0
222,Huarmey,PE,-10.07,-78.15,73.47,68,90,10.78,overcast clouds,0,0
223,Huambo,AO,-12.78,15.74,57.0,43,38,3.98,scattered clouds,0,0
224,Huron,US,41.15,-82.55,66.0,57,10,4.0,clear sky,0,0
225,Coahuayana,MX,18.73,-103.68,82.4,58,40,5.82,scattered clouds,0,0
226,Hofn,IS,64.25,-15.21,49.41,87,100,5.66,overcast clouds,0,0
227,Nizwa,OM,22.93,57.53,87.19,38,98,4.21,overcast clouds,0,0
228,Burnie,AU,-41.07,145.92,52.0,77,100,3.0,light rain,0,0
229,Colesberg,ZA,-30.72,25.1,50.04,47,0,3.13,clear sky,0,0
230,Ishigaki,JP,24.34,124.16,82.6,86,100,17.56,overcast clouds,0,0
231,Mpanda,TZ,-6.37,31.04,67.03,67,17,1.25,few clouds,0,0
232,Pagudpud,PH,18.56,120.79,80.98,77,14,2.82,few clouds,0,0
233,Vanavara,RU,60.34,102.28,46.08,59,100,4.56,overcast clouds,0,0
234,Parabel,RU,58.7,81.48,48.56,85,98,10.04,light rain,0,0
235,Kurilsk,RU,45.23,147.88,50.0,78,2,11.34,clear sky,0,0
236,Chokurdakh,RU,70.63,147.92,38.7,75,100,6.49,overcast clouds,0,0
237,Shelopugino,RU,51.65,117.56,40.98,92,100,2.59,overcast clouds,0,0
238,Jumla,NP,29.27,82.18,51.53,66,64,5.1,broken clouds,0,0
239,Lavrentiya,RU,65.58,-171.0,44.6,59,0,8.95,clear sky,0,0
240,Petropavlovsk-Kamchatskiy,RU,53.05,158.65,46.4,61,17,2.24,few clouds,0,0
241,Phan Thiet,VN,10.93,108.1,78.76,84,100,3.76,overcast clouds,0,0
242,Opobo,VN,10.93,108.1,78.76,84,100,3.76,overcast clouds,0,0
243,Broome,US,42.25,-75.83,72.0,59,90,6.93,overcast clouds,0,0
244,Cam Ranh,VN,11.92,109.16,82.4,74,20,1.12,few clouds,0,0
245,Mys Shmidta,VN,11.92,109.16,82.4,74,20,1.12,few clouds,0,0
246,Hasaki,JP,35.73,140.83,59.0,100,100,3.36,fog,0,0
247,Erzin,TR,36.96,36.2,66.99,78,38,3.2,scattered clouds,0,0
248,Deputatskiy,RU,69.3,139.9,29.48,89,0,3.47,clear sky,0,0
249,Codrington,AU,-38.27,141.97,47.97,94,76,10.04,broken clouds,0,0
250,Qinhuangdao,CN,39.93,119.59,63.25,79,100,7.78,overcast clouds,0,0
251,Khatanga,RU,71.97,102.5,35.04,87,100,7.25,overcast clouds,0,0
252,Guapiacu,BR,-20.8,-49.22,80.6,21,14,4.36,few clouds,0,0
253,Satitoa,BR,-20.8,-49.22,80.6,21,14,4.36,few clouds,0,0
254,Kupang,ID,-10.17,123.58,74.21,85,2,7.65,clear sky,0,0
255,Baglung,NP,28.27,83.59,64.26,55,10,5.7,clear sky,0,0
256,Xinzhi,CN,36.5,111.7,64.47,61,91,1.25,overcast clouds,0,0
257,Baker City,US,44.77,-117.83,82.4,42,1,13.51,clear sky,0,0
258,Acapulco,MX,16.86,-99.89,80.6,78,5,12.75,smoke,0,0
259,Atar,MR,20.52,-13.05,94.48,14,11,7.58,few clouds,0,0
260,Matinha,BR,-3.1,-45.03,79.63,85,100,2.89,light rain,0,0
261,Dzaoudzi,YT,-12.79,45.27,80.6,74,5,11.41,light rain,0,0
262,Pevek,RU,69.7,170.31,40.59,72,13,21.63,few clouds,0,0
263,Byron Bay,AU,-28.65,153.62,57.0,100,100,2.24,overcast clouds,0,0
264,Souillac,MU,-20.52,57.52,69.8,88,20,4.7,few clouds,0,0
265,Umm Kaddadah,SD,13.6,26.69,91.85,12,5,15.26,clear sky,0,0
266,Shieli,KZ,44.17,66.75,78.84,17,0,6.85,clear sky,0,0
267,Alofi,NU,-19.06,-169.92,77.0,100,6,5.82,clear sky,0,0
268,Nanortalik,GL,60.14,-45.24,39.31,81,100,5.08,overcast clouds,0,0
269,Komsomolskiy,UZ,40.43,71.72,73.4,35,59,6.93,broken clouds,0,0
270,Bonavista,CA,48.65,-53.11,56.53,82,8,20.92,clear sky,0,0
271,Labutta,CA,48.65,-53.11,56.53,82,8,20.92,clear sky,0,0
272,Ilulissat,GL,69.22,-51.1,37.4,64,20,9.17,few clouds,0,0
273,Adrar,MR,20.5,-10.07,96.24,18,19,11.92,few clouds,0,0
274,Beni,CD,0.5,29.47,64.62,100,100,1.52,light rain,0,0
275,Yulara,AU,-25.24,130.99,55.4,62,40,8.05,scattered clouds,0,0
276,Sarandi,BR,-23.44,-51.87,67.95,66,26,4.41,scattered clouds,0,0
277,Luba,GQ,3.46,8.55,78.8,88,20,3.36,few clouds,0,0
278,Najran,SA,17.49,44.13,86.0,14,0,4.7,clear sky,0,0
279,Tabou,CI,4.42,-7.35,78.75,87,100,11.92,moderate rain,0,0
280,Zabol,AF,32.25,67.25,68.2,25,0,1.79,clear sky,0,0
281,Palauig,PH,15.44,119.9,82.65,72,0,4.12,clear sky,0,0
282,Walvis Bay,NA,-22.96,14.51,66.2,55,0,2.24,clear sky,0,0
283,Shebekino,RU,50.41,36.91,55.4,93,40,8.95,scattered clouds,0,0
284,Witrivier,RU,50.41,36.91,55.4,93,40,8.95,scattered clouds,0,0
285,Luwingu,ZM,-10.26,29.93,64.99,71,77,6.29,broken clouds,0,0
286,Lebu,CL,-37.62,-73.65,52.61,61,0,21.27,clear sky,0,0
287,Gazimurskiy Zavod,RU,51.55,118.33,42.49,91,100,3.38,light rain,0,0
288,Gua Musang,MY,4.88,101.96,74.48,93,63,0.38,light rain,0,0
289,Beverley,GB,53.85,-0.42,57.2,76,0,10.29,clear sky,0,0
290,Revadanda,IN,18.55,72.93,87.8,74,40,9.17,haze,0,0
291,Chicama,PE,-7.84,-79.15,75.83,62,14,10.13,few clouds,0,0
292,Geraldton,AU,-28.77,114.6,57.2,93,90,6.93,overcast clouds,0,0
293,Ancud,CL,-41.87,-73.82,52.0,66,10,12.75,clear sky,0,0
294,Tomari,RU,47.77,142.07,55.04,72,0,10.89,clear sky,0,0
295,Huangzhou,CN,30.45,114.8,71.6,88,83,4.47,broken clouds,0,0
296,Halalo,CN,30.45,114.8,71.6,88,83,4.47,broken clouds,0,0
297,Margate,GB,51.38,1.39,62.01,74,0,5.01,clear sky,0,0
298,Joinville,BR,-26.3,-48.85,75.0,66,9,1.79,clear sky,0,0
299,Mount Gambier,AU,-37.83,140.77,46.4,100,40,9.17,scattered clouds,0,0
300,Povenets,RU,62.85,34.83,45.95,70,0,11.23,clear sky,0,0
301,Senador Jose Porfirio,BR,-2.59,-51.95,80.53,92,100,2.98,moderate rain,0,0
302,Kadoma,JP,34.73,135.58,70.0,42,100,2.17,overcast clouds,0,0
303,Namibe,AO,-15.2,12.15,74.53,57,12,6.91,few clouds,0,0
304,Kununurra,AU,-15.77,128.73,66.2,82,24,3.36,few clouds,0,0
305,Cayenne,GF,4.93,-52.33,86.0,66,20,13.87,few clouds,0,0
306,Senneterre,CA,48.38,-77.23,41.0,80,90,3.36,overcast clouds,0,0
307,Bambous Virieux,MU,-20.34,57.76,71.01,88,20,4.7,few clouds,0,0
308,Sorland,NO,67.67,12.69,47.32,93,0,9.42,clear sky,0,0
309,Lagoa Da Prata,BR,-20.02,-45.54,65.95,65,0,2.89,clear sky,0,0
310,Saskylakh,RU,71.92,114.08,38.34,78,98,2.91,overcast clouds,0,0
311,Kawalu,ID,-7.38,108.21,73.62,93,100,0.85,overcast clouds,0,0
312,Itoman,JP,26.12,127.67,80.6,94,20,11.41,few clouds,0,0
313,Point Pedro,LK,9.82,80.23,83.93,80,38,20.54,scattered clouds,0,0
314,Bafia,CM,4.75,11.23,71.96,91,100,2.77,light rain,0,0
315,Rabo De Peixe,PT,37.8,-25.58,64.4,93,75,12.75,broken clouds,0,0
316,Port-Cartier,CA,50.03,-66.87,64.4,59,40,19.46,scattered clouds,0,0
317,Longonjo,AO,-12.91,15.25,60.03,42,38,3.51,scattered clouds,0,0
318,Tual,ID,-5.67,132.75,81.57,83,27,16.51,light rain,0,0
319,Severo-Yeniseyskiy,RU,60.37,93.04,40.84,98,80,1.5,broken clouds,0,0
320,Djambala,CG,-2.54,14.75,70.05,95,100,3.0,overcast clouds,0,0
321,Port Augusta,AU,-32.5,137.77,48.2,93,0,6.93,clear sky,0,0
322,Raton,US,36.9,-104.44,82.4,24,20,6.93,few clouds,0,0
323,Faya,SA,18.39,42.45,75.2,38,0,4.7,clear sky,0,0
324,Port Hardy,CA,50.7,-127.42,57.2,71,75,12.75,broken clouds,0,0
325,Havelock,US,34.88,-76.9,80.6,69,40,10.29,scattered clouds,0,0
326,Ucluelet,CA,48.93,-125.55,57.2,76,75,14.99,broken clouds,0,0
327,Barranca,PE,-10.75,-77.77,70.61,74,41,9.69,scattered clouds,0,0
328,Pingyin,CN,36.28,116.45,69.01,74,100,8.86,overcast clouds,0,0
329,Taltal,CL,-25.4,-70.48,66.09,60,77,3.53,broken clouds,0,0
330,Neiafu,TO,-18.65,-173.98,71.6,94,20,16.06,few clouds,0,0
331,Turriff,GB,57.54,-2.46,54.0,63,0,8.01,clear sky,0,0
332,Salym,RU,60.06,71.48,43.95,89,2,3.31,clear sky,0,0
333,Le Mars,US,42.79,-96.17,73.4,40,1,6.93,clear sky,0,0
334,Auki,SB,-8.77,160.7,78.76,82,5,4.03,clear sky,0,0
335,Huescar,ES,37.81,-2.54,66.99,37,2,4.5,clear sky,0,0
336,Poptun,GT,16.33,-89.42,79.84,86,74,4.79,moderate rain,0,0
337,Saurimo,AO,-9.66,20.39,67.82,51,66,3.89,broken clouds,0,0
338,Strezhevoy,RU,60.73,77.59,51.8,81,90,8.95,overcast clouds,0,0
339,Fort-Shevchenko,KZ,44.51,50.26,71.22,67,0,18.86,clear sky,0,0
340,Abu Zabad,SD,12.35,29.25,91.81,15,89,9.44,overcast clouds,0,0
341,Kochubey,RU,44.39,46.58,67.71,57,16,9.1,few clouds,0,0
342,Berlevag,NO,70.86,29.09,42.04,79,100,7.25,overcast clouds,0,0
343,Manono,CD,-7.3,27.42,76.87,52,0,5.19,clear sky,0,0
344,Torbay,CA,47.67,-52.73,71.6,73,40,29.97,scattered clouds,0,0
345,Aktau,KZ,43.65,51.2,68.0,82,0,8.95,clear sky,0,0
346,Merke,KZ,42.87,73.18,64.38,42,0,5.06,clear sky,0,0
347,One Hundred Mile House,KZ,42.87,73.18,64.38,42,0,5.06,clear sky,0,0
348,Sitka,US,57.05,-135.33,53.6,76,90,4.7,overcast clouds,0,0
349,Sabang,ID,5.89,95.32,83.61,75,59,5.95,broken clouds,0,0
350,Kidal,ML,18.44,1.41,95.05,18,15,15.55,few clouds,0,0
351,Kismayo,SO,-0.36,42.55,79.93,83,72,14.94,broken clouds,0,0
352,Inirida,CO,3.87,-67.92,88.83,61,83,0.89,light rain,0,0
353,Klaksvik,FO,62.23,-6.59,60.8,59,99,10.29,overcast clouds,0,0
354,Tura,IN,25.52,90.22,71.4,98,91,2.06,moderate rain,0,0
355,Tazovskiy,RU,67.47,78.7,44.19,82,100,8.01,overcast clouds,0,0
356,West Wendover,US,40.74,-114.07,89.6,11,1,8.05,clear sky,0,0
357,Christchurch,NZ,-43.53,172.63,48.0,100,0,4.7,clear sky,0,0
358,Pathein,MM,16.78,94.73,82.85,78,74,3.67,broken clouds,0,0
359,Tezu,IN,27.92,96.17,73.33,62,70,2.48,broken clouds,0,0
360,Constitucion,CL,-35.33,-72.42,58.08,41,0,8.57,clear sky,0,0
361,Karratha,AU,-20.74,116.85,73.4,37,63,13.58,broken clouds,0,0
362,Salta,AR,-24.79,-65.41,69.8,49,75,10.29,broken clouds,0,0
363,Zhangye,CN,38.93,100.45,57.33,30,0,7.14,clear sky,0,0
364,Katherine,AU,-14.47,132.27,64.4,68,100,5.82,overcast clouds,0,0
365,Prince George,CA,53.92,-122.75,66.99,67,1,3.36,clear sky,0,0
366,Poum,NC,-20.23,164.02,74.71,86,9,12.88,clear sky,0,0
367,Voi,KE,-3.39,38.56,69.93,81,100,7.67,overcast clouds,0,0
368,Belushya Guba,KE,-3.39,38.56,69.93,81,100,7.67,overcast clouds,0,0
369,Oksfjord,NO,70.24,22.35,44.6,87,100,5.82,light rain,0,0
370,Dayong,CN,25.02,118.29,77.0,94,20,2.24,few clouds,0,0
371,Pakala,IN,13.47,79.12,84.4,65,70,0.54,broken clouds,0,0
372,Hami,CN,42.8,93.45,69.01,20,100,3.24,overcast clouds,0,0
373,Umm Lajj,SA,25.02,37.27,78.06,62,0,8.37,clear sky,0,0
374,Wasilla,US,61.58,-149.44,60.01,62,90,1.86,overcast clouds,0,0
375,Pringsewu,ID,-5.36,104.97,74.08,93,73,0.85,broken clouds,0,0
376,Olafsvik,IS,64.89,-23.71,46.49,75,88,12.59,overcast clouds,0,0
377,Itacoatiara,BR,-3.14,-58.44,82.4,83,99,2.24,light rain,0,0
378,Pipri,IN,19.8,75.53,83.28,49,49,9.69,scattered clouds,0,0
379,Alegrete,BR,-29.78,-55.79,70.2,75,49,3.51,scattered clouds,0,0
380,Mitu,CO,1.2,-70.17,88.05,56,95,2.21,light rain,0,0
381,Toftir,CO,1.2,-70.17,88.05,56,95,2.21,light rain,0,0
382,Lyndon,US,38.26,-85.6,75.99,47,75,9.17,broken clouds,0,0
383,Zhangjiakou,CN,40.81,114.88,54.19,83,79,1.68,light rain,0,0
384,Isla Aguada,MX,18.78,-91.47,82.4,78,90,6.93,overcast clouds,0,0
385,Baruun-Urt,MN,46.68,113.28,44.74,60,42,7.78,scattered clouds,0,0
386,Harnosand,SE,62.63,17.94,54.0,58,0,3.36,clear sky,0,0
387,Verkhnevilyuysk,RU,63.45,120.32,39.51,72,88,4.99,overcast clouds,0,0
388,Kazalinsk,RU,63.45,120.32,39.51,72,88,4.99,overcast clouds,0,0
389,Zhuanghe,CN,39.7,122.99,61.0,88,0,1.01,clear sky,0,0
390,High Rock,BS,26.62,-78.28,86.0,70,75,9.17,broken clouds,0,0
391,Harper,LR,4.38,-7.72,78.62,88,100,11.21,moderate rain,0,0
392,Doha,QA,25.29,51.53,90.0,79,33,5.82,scattered clouds,0,0
393,Sakaiminato,JP,35.55,133.23,66.2,77,75,8.05,broken clouds,0,0
394,Yenagoa,NG,4.92,6.26,76.8,93,100,3.76,overcast clouds,0,0
395,Gurgan,NG,4.92,6.26,76.8,93,100,3.76,overcast clouds,0,0
396,Kijang,KR,35.24,129.21,66.2,55,97,1.12,light rain,0,0
397,Zhigansk,RU,66.77,123.37,38.19,77,92,11.36,overcast clouds,0,0
398,Jalu,LY,29.03,21.55,81.16,21,42,8.9,scattered clouds,0,0
399,Flinders,AU,-34.58,150.86,51.8,87,40,1.12,scattered clouds,0,0
400,Wangkui,CN,46.83,126.5,65.28,74,67,9.98,broken clouds,0,0
401,Mao,ES,39.89,4.27,66.2,72,0,4.7,clear sky,0,0
402,Bahia Honda,CU,22.9,-83.16,84.78,70,98,11.07,light rain,0,0
403,Cacoal,BR,-11.44,-61.45,84.45,78,9,0.36,light rain,0,0
404,Niquero,CU,20.04,-77.58,85.89,64,13,13.98,few clouds,0,0
405,Coalinga,US,36.14,-120.36,77.0,39,68,10.0,broken clouds,0,0
406,Parrita,CR,9.52,-84.32,77.0,83,75,3.36,broken clouds,0,0
407,Wahran,CR,9.52,-84.32,77.0,83,75,3.36,broken clouds,0,0
408,Port Keats,AU,-14.25,129.55,71.15,71,95,4.74,overcast clouds,0,0
409,La Romana,DO,18.43,-68.97,91.4,55,40,13.87,scattered clouds,0,0
410,Seguin,US,29.57,-97.96,88.0,35,1,6.93,clear sky,0,0
411,Bahir Dar,ET,11.59,37.39,69.19,68,37,4.0,light rain,0,0
412,Cockburn Town,TC,21.46,-71.14,81.64,79,0,12.3,light rain,0,0
413,Srednekolymsk,RU,67.45,153.68,52.25,47,31,7.78,scattered clouds,0,0
414,Warqla,RU,67.45,153.68,52.25,47,31,7.78,scattered clouds,0,0
415,Siilinjarvi,FI,63.08,27.67,59.0,38,6,3.36,clear sky,0,0
416,Evensk,RU,61.95,159.23,39.63,83,100,2.82,overcast clouds,0,0
417,Suwannaphum,TH,15.6,103.8,87.01,71,100,8.95,overcast clouds,0,0
418,Hambantota,LK,6.12,81.12,80.96,85,0,13.87,clear sky,0,0
419,Dondo,MZ,-19.61,34.74,75.2,88,0,8.05,clear sky,0,0
420,Gunnedah,AU,-30.98,150.25,48.2,93,40,4.7,scattered clouds,0,0
421,Amapa,BR,1.0,-52.0,80.87,86,67,4.25,light rain,0,0
422,Tonantins,BR,-2.87,-67.8,83.35,81,92,0.98,light rain,0,0
423,Ambilobe,MG,-13.2,49.05,73.27,90,5,2.3,clear sky,0,0
424,Liepaja,LV,56.54,21.04,55.4,66,94,5.82,overcast clouds,0,0
425,Ketchikan,US,55.34,-131.65,55.4,71,1,13.87,clear sky,0,0
426,Vangaindrano,MG,-23.35,47.6,69.71,82,100,5.21,overcast clouds,0,0
427,Port-Gentil,GA,-0.72,8.78,78.8,83,75,10.29,broken clouds,0,0
428,Karakulino,RU,56.01,53.71,59.31,79,19,3.87,few clouds,0,0
429,Den Helder,NL,52.96,4.76,61.0,72,0,14.99,clear sky,0,0
430,Kapuskasing,CA,49.42,-82.43,42.8,52,75,12.75,broken clouds,0,0
431,Kimbe,PG,-5.55,150.14,74.98,86,33,3.87,scattered clouds,0,0
432,Fukue,JP,32.69,128.84,66.16,89,100,17.45,light rain,0,0
433,Santa Rita,BR,-7.11,-34.98,82.4,78,20,12.75,few clouds,0,0
434,Suntar,RU,62.14,117.63,38.3,73,0,4.56,clear sky,0,0
435,Buala,SB,-8.14,159.59,81.16,77,86,3.22,light rain,0,0
436,Chivolo,CO,10.03,-74.62,82.56,80,100,7.18,light rain,0,0
437,Talnakh,RU,69.49,88.4,33.8,86,23,15.66,few clouds,0,0
438,Chenghai,CN,23.46,116.77,75.2,100,20,2.48,few clouds,0,0
439,Kibala,TD,9.11,18.35,87.35,43,47,5.93,scattered clouds,0,0
440,Ijaki,TD,9.11,18.35,87.35,43,47,5.93,scattered clouds,0,0
441,Chulym,RU,55.1,80.96,51.4,81,82,9.28,broken clouds,0,0
442,Vicuna,CL,-30.03,-70.71,62.01,65,100,7.14,light rain,0,0
443,Arman,RU,59.7,150.17,38.3,90,92,1.72,overcast clouds,0,0
444,Pangnirtung,CA,66.15,-65.71,30.2,74,75,10.29,broken clouds,0,0
445,Lacombe,CA,52.47,-113.74,78.01,41,75,20.8,broken clouds,0,0
446,Kleck,CA,52.47,-113.74,78.01,41,75,20.8,broken clouds,0,0
447,Tanjong Sepat,CA,52.47,-113.74,78.01,41,75,20.8,broken clouds,0,0
448,Mayo,US,38.89,-76.51,82.0,50,1,9.17,clear sky,0,0
449,Qaqortoq,GL,60.72,-46.03,55.4,30,75,8.05,broken clouds,0,0
450,Caborca,MX,30.58,-111.1,100.99,28,89,1.99,overcast clouds,0,0
451,Dallas,US,32.77,-96.78,88.0,37,20,4.7,few clouds,0,0
452,Alta Floresta,BR,-9.88,-56.09,93.2,44,0,5.82,clear sky,0,0
453,Salalah,OM,17.02,54.09,77.0,100,90,5.82,light rain,0,0
454,Moree,AU,-29.47,149.85,55.4,76,100,8.05,overcast clouds,0,0
455,The Valley,AI,18.22,-63.06,87.8,62,20,11.41,few clouds,0,0
456,Luganville,VU,-15.53,167.17,77.0,94,75,3.65,broken clouds,0,0
457,Sheridan,US,44.83,-106.92,82.99,42,1,5.82,clear sky,0,0
458,Krasnogorskoye,RU,52.3,86.2,50.52,90,85,4.43,overcast clouds,0,0
459,Iquique,CL,-20.22,-70.14,69.8,68,68,14.99,broken clouds,0,0
460,Itarema,BR,-2.92,-39.92,80.04,85,100,6.44,light rain,0,0
461,Parkes,AU,-33.13,148.18,55.99,66,100,1.99,overcast clouds,0,0
462,Yumen,CN,40.28,97.2,57.78,28,0,9.93,clear sky,0,0
463,Tres Arroyos,AR,-38.37,-60.28,45.64,67,80,20.94,broken clouds,0,0
464,Undory,RU,54.61,48.39,69.8,64,100,2.24,overcast clouds,0,0
465,Umarkot,PK,25.36,69.74,83.82,75,1,9.71,clear sky,0,0
466,Kathu,TH,7.92,98.33,78.8,94,20,1.12,few clouds,0,0
467,Marystown,CA,47.17,-55.15,52.65,91,85,19.01,overcast clouds,0,0
468,Alamosa,US,37.47,-105.87,82.4,17,1,3.6,clear sky,0,0
469,Sechura,PE,-5.56,-80.82,80.1,55,7,14.05,clear sky,0,0
470,Dicamay,PH,16.76,122.0,74.8,92,3,2.28,clear sky,0,0
471,Ostrovnoy,RU,68.05,39.51,39.45,81,100,16.6,overcast clouds,0,0
472,Tanjong Malim,RU,68.05,39.51,39.45,81,100,16.6,overcast clouds,0,0
473,Manjakandriana,MG,-18.92,47.8,59.0,93,20,2.24,few clouds,0,0
474,Eenhana,NA,-17.47,16.33,64.4,39,0,1.12,clear sky,0,0
475,Lagos,NG,6.58,3.75,80.6,83,20,2.24,few clouds,0,0
476,Naze,JP,28.37,129.48,75.2,100,90,8.05,overcast clouds,0,0
477,Port Blair,IN,11.67,92.75,83.35,77,96,6.13,overcast clouds,0,0
478,Bodden Town,KY,19.28,-81.25,87.8,74,20,9.17,few clouds,0,0
479,Qandahar,KY,19.28,-81.25,87.8,74,20,9.17,few clouds,0,0
480,Pisco,PE,-13.7,-76.22,68.0,77,45,9.17,scattered clouds,0,0
481,Yanan,PE,-13.7,-76.22,68.0,77,45,9.17,scattered clouds,0,0
482,Sumenep,ID,-7.02,113.87,80.15,85,99,8.46,light rain,0,0
483,Adwa,ET,14.16,38.9,73.4,25,69,2.86,broken clouds,0,0
484,Bayburt,TR,40.26,40.23,46.02,77,0,2.26,clear sky,0,0
485,Sundsvall,SE,62.39,17.31,54.0,58,0,3.36,clear sky,0,0
486,Aykhal,RU,66.0,111.5,44.6,52,90,4.47,overcast clouds,0,0
487,Brae,GB,60.4,-1.35,53.6,71,32,14.99,scattered clouds,0,0
488,Kholm,RU,59.27,32.85,51.48,65,0,8.41,clear sky,0,0
489,Varkaus,FI,62.32,27.87,59.0,41,8,5.82,clear sky,0,0
490,Jorhat,IN,26.75,94.22,73.78,91,0,1.81,clear sky,0,0
491,Paamiut,GL,61.99,-49.67,37.44,85,95,12.82,overcast clouds,0,0
492,Areosa,PT,41.72,-8.86,64.99,93,90,3.36,overcast clouds,0,0
493,Pachino,IT,36.72,15.09,64.0,84,14,11.39,light rain,0,0
494,Shakawe,BW,-18.37,21.85,60.55,30,0,4.14,clear sky,0,0
495,Ust-Kamchatsk,BW,-18.37,21.85,60.55,30,0,4.14,clear sky,0,0
496,Sur,OM,22.57,59.53,89.89,59,99,18.19,overcast clouds,0,0
497,Lumding,IN,25.75,93.17,71.83,95,31,1.81,light rain,0,0
498,Nemuro,JP,43.32,145.57,53.92,72,0,7.49,clear sky,0,0
499,Otavi,NA,-19.65,17.33,60.93,26,0,8.48,clear sky,0,0
500,Koppang,NO,61.57,11.06,52.0,64,0,3.0,clear sky,0,0
501,Willowmore,ZA,-33.29,23.49,51.33,79,0,7.11,clear sky,0,0
502,Tuggurt,ZA,-33.29,23.49,51.33,79,0,7.11,clear sky,0,0
503,Hue,VN,16.47,107.6,80.6,83,20,3.36,few clouds,0,0
504,Longlac,VN,16.47,107.6,80.6,83,20,3.36,few clouds,0,0
505,Baturaja,ID,-4.13,104.17,74.39,95,17,2.48,few clouds,0,0
506,Mareeba,AU,-17.0,145.43,73.4,78,75,3.36,broken clouds,0,0
507,Tank,PK,32.22,70.38,83.71,46,11,6.78,few clouds,0,0
508,San Cristobal,VE,7.77,-72.22,91.4,46,40,8.05,scattered clouds,0,0
509,Buchanan,LR,5.88,-10.05,82.4,83,75,4.7,broken clouds,0,0
510,Leningradskiy,RU,69.38,178.42,41.18,74,0,3.67,clear sky,0,0
511,Tuatapere,NZ,-46.13,167.68,42.26,76,23,4.92,few clouds,0,0
512,Coquimbo,CL,-29.95,-71.34,62.6,72,75,2.24,broken clouds,0,0
513,Edson,CA,53.58,-116.44,71.6,46,1,6.93,clear sky,0,0
514,Jinchang,CN,38.5,102.17,53.73,31,0,3.83,clear sky,0,0
515,Juneau,US,58.3,-134.42,59.0,67,75,3.36,broken clouds,0,0
516,Okhtyrka,UA,50.31,34.9,54.46,93,97,9.13,overcast clouds,0,0
517,Kenai,US,60.55,-151.26,62.6,50,1,13.87,clear sky,0,0
518,Tilichiki,RU,60.47,166.1,35.11,98,100,6.44,overcast clouds,0,0
519,Hanyang,CN,32.14,105.51,66.87,73,97,2.19,overcast clouds,0,0
520,Astana,KZ,51.18,71.45,63.0,76,0,4.47,clear sky,0,0
521,Katesh,TZ,-4.52,35.38,54.14,90,86,6.15,overcast clouds,0,0
522,Korcula,HR,42.96,17.14,63.39,63,0,1.45,clear sky,0,0
523,Batagay-Alyta,RU,67.8,130.41,31.69,94,11,1.32,few clouds,0,0
524,Buin,CL,-33.73,-70.75,64.4,42,40,2.24,haze,0,0
525,Akonolinga,CM,3.77,12.25,71.58,95,100,1.12,overcast clouds,0,0
526,Nhlangano,SZ,-27.12,31.2,50.22,94,11,2.01,few clouds,0,0
527,Zyryanskoye,RU,56.83,86.63,50.02,86,96,14.12,overcast clouds,0,0
528,Trairi,BR,-3.28,-39.27,79.48,88,100,4.88,light rain,0,0
529,Mitsamiouli,KM,-11.38,43.28,80.91,75,0,12.01,clear sky,0,0
530,Sao Jose Da Coroa Grande,BR,-8.9,-35.15,76.75,89,100,9.22,moderate rain,0,0
531,Mtimbira,TZ,-8.78,36.35,71.26,72,21,3.58,few clouds,0,0
532,Mataram,ID,-8.58,116.12,75.2,100,75,4.43,broken clouds,0,0
533,Dolbeau,ID,-8.58,116.12,75.2,100,75,4.43,broken clouds,0,0
534,Seddon,AU,-37.81,144.89,57.99,66,90,17.22,overcast clouds,0,0
535,Vanimo,PG,-2.67,141.3,78.19,84,100,6.64,light rain,0,0
536,Bonthe,SL,7.53,-12.51,80.38,84,100,5.17,light rain,0,0
537,Gaffney,US,35.07,-81.65,87.01,56,21,1.86,few clouds,0,0
538,Ngukurr,US,35.07,-81.65,87.01,56,21,1.86,few clouds,0,0
539,Nishihara,JP,26.18,127.76,80.6,83,40,9.17,scattered clouds,0,0
540,Buraydah,SA,26.33,43.98,95.0,21,0,11.41,clear sky,0,0
541,Paka,MY,4.64,103.44,77.0,100,24,2.82,few clouds,0,0
542,Cazaje,MY,4.64,103.44,77.0,100,24,2.82,few clouds,0,0
543,Ambah,IN,26.71,78.23,90.01,33,98,8.23,overcast clouds,0,0
544,Hobyo,SO,5.35,48.53,83.03,73,100,24.96,overcast clouds,0,0
545,San Juan De Los Morros,VE,9.91,-67.35,85.73,54,82,4.43,broken clouds,0,0
546,Labytnangi,RU,66.66,66.42,40.44,85,60,11.05,broken clouds,0,0
547,Alihe,CN,50.57,123.72,50.5,71,100,4.81,overcast clouds,0,0
548,Hangal,IN,14.77,75.13,77.94,81,96,8.93,overcast clouds,0,0
549,Kutum,SD,14.2,24.67,78.35,18,1,11.79,clear sky,0,0
550,Kamenka,RU,51.32,42.77,59.0,79,0,8.75,clear sky,0,0
551,Cherskiy,RU,68.75,161.3,50.58,48,35,19.66,scattered clouds,0,0
552,Hongjiang,CN,27.11,110.0,71.62,82,100,0.92,overcast clouds,0,0
553,Dauphin,CA,51.15,-100.05,69.8,26,20,14.99,few clouds,0,0
554,Meulaboh,ID,4.14,96.13,78.49,90,96,4.25,moderate rain,0,0
555,Rosarito,MX,32.33,-117.03,75.99,60,75,12.75,broken clouds,0,0
556,Polovinnoye,RU,54.79,65.99,60.48,67,3,1.23,clear sky,0,0
557,Plettenberg Bay,ZA,-34.05,23.37,57.81,83,0,5.95,clear sky,0,0
558,Bullhead City,US,35.15,-114.57,104.0,11,40,13.87,scattered clouds,0,0
559,Misratah,LY,32.38,15.09,70.05,71,66,19.53,broken clouds,0,0
560,Nipawin,CA,53.37,-104.0,68.0,22,1,5.82,clear sky,0,0
561,Santa Cruz,BO,-17.8,-63.17,84.2,42,1,26.4,clear sky,0,0
562,Novikovo,RU,51.15,37.89,55.15,90,0,8.95,clear sky,0,0
563,Peleduy,RU,59.63,112.74,39.22,70,35,1.54,scattered clouds,0,0
564,Youkounkoun,GN,12.53,-13.13,80.74,75,100,3.98,overcast clouds,0,0
565,Sadiqabad,PK,28.31,70.13,88.57,39,100,10.76,overcast clouds,0,0
566,Ambon,ID,-3.7,128.18,80.01,96,6,1.99,clear sky,0,0
567,Anloga,GH,5.79,0.9,78.8,88,20,9.17,few clouds,0,0
568,Bontang,ID,0.13,117.5,81.09,81,100,5.73,overcast clouds,0,0
569,Kampot,KH,10.62,104.18,80.6,88,20,1.12,few clouds,0,0
570,Manzhouli,CN,49.6,117.43,42.31,80,26,10.18,scattered clouds,0,0
571,Kahta,TR,37.79,38.62,64.4,42,0,13.87,clear sky,0,0
572,Hirado,JP,33.36,129.55,69.01,92,100,5.01,light rain,0,0
573,Tumannyy,JP,33.36,129.55,69.01,92,100,5.01,light rain,0,0
574,Ucar,AZ,40.52,47.65,66.2,72,0,6.93,clear sky,0,0
575,De Aar,ZA,-30.65,24.01,52.5,43,0,3.27,clear sky,0,0
576,Attawapiskat,ZA,-30.65,24.01,52.5,43,0,3.27,clear sky,0,0
577,Irbeyskoye,RU,55.64,95.45,48.09,92,99,6.35,overcast clouds,0,0
578,Emerald,AU,-23.53,148.17,55.4,82,0,4.83,clear sky,0,0
579,Boz,FR,46.41,4.91,64.0,54,0,5.99,clear sky,0,0
580,Samalaeulu,FR,46.41,4.91,64.0,54,0,5.99,clear sky,0,0
581,Kamaishi,JP,39.27,141.88,60.58,62,0,2.33,clear sky,0,0
582,Sao Bento Do Sul,BR,-26.25,-49.38,64.99,43,32,8.01,scattered clouds,0,0
583,Kabo,CF,7.7,18.63,76.91,79,100,5.08,overcast clouds,0,0
584,Norman Wells,CA,65.28,-126.83,68.0,24,20,9.17,few clouds,0,0
585,Lodja,CD,-3.48,23.43,77.97,73,96,3.87,overcast clouds,0,0
586,Troitskoye,RU,52.98,84.68,49.28,88,0,6.49,clear sky,0,0
587,Kemise,ET,10.72,39.87,73.11,30,44,4.83,scattered clouds,0,0
588,Cam Pha,ET,10.72,39.87,73.11,30,44,4.83,scattered clouds,0,0
589,Labuan,MY,5.28,115.24,80.6,94,75,5.91,broken clouds,0,0
590,Gap,FR,44.67,6.0,57.0,61,2,4.0,clear sky,0,0
591,Boo,SE,59.33,18.28,57.2,50,65,6.93,broken clouds,0,0
592,Mocuba,MZ,-16.84,36.99,67.41,98,22,3.31,few clouds,0,0
593,Rungata,MZ,-16.84,36.99,67.41,98,22,3.31,few clouds,0,0
594,Sobolevo,RU,54.43,31.9,57.61,97,100,12.86,heavy intensity rain,0,0
595,Lompoc,US,34.64,-120.46,68.0,82,90,6.93,overcast clouds,0,0
596,Khawhai,IN,23.37,93.12,58.69,100,26,1.57,scattered clouds,0,0
597,Ailigandi,PA,9.23,-78.02,80.69,80,100,6.4,moderate rain,0,0
598,Omboue,GA,-1.57,9.26,76.64,84,100,6.91,overcast clouds,0,0
599,Guanica,PR,17.97,-66.91,89.01,55,81,5.01,broken clouds,0,0
600,Bolshoy Tsaryn,PR,17.97,-66.91,89.01,55,81,5.01,broken clouds,0,0
601,Hengshui,CN,37.73,115.7,64.67,79,51,10.47,broken clouds,0,0
602,Barstow,US,34.9,-117.02,78.8,22,1,18.34,clear sky,0,0
603,Thinadhoo,MV,0.53,72.93,84.2,68,88,7.49,overcast clouds,0,0
604,Erenhot,CN,43.65,111.98,54.75,38,100,16.84,overcast clouds,0,0
605,Mjolby,SE,58.33,15.12,60.8,51,73,11.41,broken clouds,0,0
606,Tommot,RU,58.96,126.29,35.6,79,2,1.66,clear sky,0,0
607,Temaraia,RU,58.96,126.29,35.6,79,2,1.66,clear sky,0,0
608,Kloulklubed,PW,7.04,134.26,77.0,94,90,3.36,overcast clouds,0,0
609,Bani,DO,18.28,-70.33,89.6,59,40,11.41,scattered clouds,0,0
610,Sola,VU,-13.88,167.55,81.36,82,35,10.4,scattered clouds,0,0
611,Koyelga,RU,54.65,60.9,59.16,68,0,3.44,clear sky,0,0
612,Avera,US,33.19,-82.53,87.8,52,75,6.93,broken clouds,0,0
613,Chaoyang,CN,41.57,120.46,64.81,67,100,9.91,light rain,0,0
614,Hirara,JP,24.8,125.28,81.93,87,100,17.0,overcast clouds,0,0
615,Zonguldak,TR,41.25,31.83,50.95,90,0,4.85,clear sky,0,0
616,Vao,NC,-22.67,167.48,72.48,86,9,15.41,clear sky,0,0
617,Ornskoldsvik,SE,63.29,18.72,51.8,43,3,3.36,clear sky,0,0
618,Fevralsk,SE,63.29,18.72,51.8,43,3,3.36,clear sky,0,0
619,Saldanha,ZA,-33.01,17.94,57.2,76,0,4.7,clear sky,0,0
620,Maniitsoq,GL,65.42,-52.9,36.66,82,62,15.84,broken clouds,0,0
621,Khash,IR,28.22,61.22,75.56,18,0,4.9,clear sky,0,0
622,Kushima,JP,31.46,131.23,62.6,88,75,10.29,light rain,0,0
623,Awjilah,LY,29.11,21.29,80.78,22,17,10.51,few clouds,0,0
624,Morgaushi,RU,55.96,46.77,68.0,45,20,4.47,few clouds,0,0
625,Sinnamary,GF,5.38,-52.95,81.14,82,100,9.44,light rain,0,0
626,Sao Miguel Do Araguaia,BR,-13.28,-50.16,79.61,59,9,3.33,clear sky,0,0
627,Loralai,PK,30.37,68.6,71.38,44,20,5.64,few clouds,0,0
628,Birpur,IN,26.52,87.02,77.47,85,0,13.62,light rain,0,0
629,Goderich,CA,43.75,-81.72,55.0,78,2,17.69,clear sky,0,0
